DATE,LATITUDE,LONGITUDE,ELEVATION,NAME,TEMP,TEMP_ATTRIBUTES,DEWP,DEWP_ATTRIBUTES,SLP,SLP_ATTRIBUTES,STP,STP_ATTRIBUTES,VISIB,VISIB_ATTRIBUTES,WDSP,WDSP_ATTRIBUTES,MXSPD,GUST,MAX,MAX_ATTRIBUTES,MIN,MIN_ATTRIBUTES,PRCP,PRCP_ATTRIBUTES,SNDP,FRSHTT
2011/1/1,33.7833333,115.7333333,40.3,bx,28.7,8,-0.5,8,1033.9,8,28.6,4,13.6,8,4.4,8,5.8,999.9,36.1, ,21, ,0,I,999.9,0
2011/1/2,33.7833333,115.7333333,40.3,bx,28,8,10.2,8,1033.2,8,28.1,4,9.1,8,2.4,8,5.8,999.9,32.7, ,22.3,*,0,I,999.9,0
2011/1/3,33.7833333,115.7333333,40.3,bx,26.9,8,4.1,8,1031.8,8,26.5,4,10.9,8,2.9,8,5.8,999.9,33.6, ,20.8, ,0,I,999.9,0
2011/1/4,33.7833333,115.7333333,40.3,bx,32.4,8,12.4,8,1027.5,8,22.5,4,8.8,8,2.2,8,3.9,999.9,37.6, ,20.5, ,0,I,999.9,0
2011/1/5,33.7833333,115.7333333,40.3,bx,30.3,8,12.3,8,1032.6,8,26.8,4,8.9,8,4.6,8,5.8,999.9,37.4, ,23.4,*,0,I,999.9,0
2011/1/6,33.7833333,115.7333333,40.3,bx,26.1,8,0.1,8,1038,8,32.9,4,10.9,8,3.2,8,5.8,999.9,35.2, ,20.8, ,0,I,999.9,0
2011/1/7,33.7833333,115.7333333,40.3,bx,29,8,1.2,8,1030.9,8,26.4,4,11.7,8,2.2,8,5.8,999.9,37.4, ,19, ,0,I,999.9,0
2011/1/8,33.7833333,115.7333333,40.3,bx,32.3,8,5.2,8,1029.3,8,23.6,4,12.4,8,4.6,8,7.8,999.9,42.8, ,24.1, ,0,I,999.9,0
2011/1/9,33.7833333,115.7333333,40.3,bx,26.6,8,-3.7,8,1036.8,8,31.6,4,14.4,8,4.4,8,7.8,999.9,34.5, ,19.9,*,0,I,999.9,0
2011/1/10,33.7833333,115.7333333,40.3,bx,27.9,8,-5.3,8,1028.9,8,24.4,4,12.4,8,2.9,8,3.9,999.9,35.4, ,17.6, ,0,I,999.9,0
2011/1/11,33.7833333,115.7333333,40.3,bx,30.6,8,0.6,8,1026,8,20.6,4,13.2,8,3.9,8,7.8,999.9,39.7, ,24.3, ,0,I,999.9,0
2011/1/12,33.7833333,115.7333333,40.3,bx,33.8,8,-0.2,8,1025.6,8,20.9,4,12.4,8,4.1,8,5.8,999.9,41.9, ,24.4, ,0,I,999.9,0
2011/1/13,33.7833333,115.7333333,40.3,bx,34.4,8,7.8,8,1024.5,8,19.3,4,9.8,8,2.4,8,3.9,999.9,46.6, ,26.6,*,0,I,999.9,0
2011/1/14,33.7833333,115.7333333,40.3,bx,34.8,8,9.8,8,1031.7,8,26.1,4,9.1,8,4.6,8,7.8,999.9,46.4, ,25.7,*,0,I,999.9,0
2011/1/15,33.7833333,115.7333333,40.3,bx,25.7,8,-6,8,1038.8,8,33.8,4,13.2,8,3.9,8,7.8,999.9,34.3, ,17.8,*,0,I,999.9,0
2011/1/16,33.7833333,115.7333333,40.3,bx,25.5,8,-9.9,8,1036.8,8,31.6,4,14,8,3.6,8,5.8,999.9,34, ,15.6, ,0,I,999.9,0
2011/1/17,33.7833333,115.7333333,40.3,bx,28.7,8,-6.6,8,1034.2,8,29.3,4,12.4,8,3.4,8,5.8,999.9,33.4, ,21, ,0,I,999.9,0
2011/1/18,33.7833333,115.7333333,40.3,bx,29,8,13.3,8,1032.7,8,27.6,4,9.3,8,2.7,8,3.9,999.9,35.6, ,21.7,*,0,I,999.9,0
2011/1/19,33.7833333,115.7333333,40.3,bx,30.3,8,10.5,8,1031.8,8,26.7,4,8.9,8,1.9,8,1.9,999.9,36.9, ,20.3, ,0,I,999.9,0
2011/1/20,33.7833333,115.7333333,40.3,bx,32,8,18,8,1030.1,8,24.9,4,7.7,8,2.2,8,3.9,999.9,37.2, ,27,*,0,G,999.9,0
2011/1/21,33.7833333,115.7333333,40.3,bx,32.2,8,21.5,8,1029.4,8,24.1,4,5.8,8,3.4,8,3.9,999.9,39.9, ,25.7, ,0,G,999.9,0
2011/1/22,33.7833333,115.7333333,40.3,bx,34.4,8,22.3,8,1028.4,8,23.3,4,7.5,8,3.2,8,5.8,999.9,42.1, ,26.1,*,0,I,999.9,0
2011/1/23,33.7833333,115.7333333,40.3,bx,30.8,8,1,8,1033.6,8,28,4,8.6,8,4.1,8,5.8,999.9,40.1, ,23.5,*,0,I,999.9,0
2011/1/24,33.7833333,115.7333333,40.3,bx,31.6,8,-2.7,8,1033.1,8,28.1,4,12.4,8,3.6,8,5.8,999.9,40.5, ,18.5, ,0,I,999.9,0
2011/1/25,33.7833333,115.7333333,40.3,bx,34.2,8,6.3,8,1033.8,8,28.2,4,12,8,3.9,8,5.8,999.9,44.4, ,25.7, ,0,G,999.9,0
2011/1/26,33.7833333,115.7333333,40.3,bx,33.5,8,4,8,1037.6,8,32.2,4,8.2,8,3.4,8,5.8,999.9,41, ,25.5, ,0,I,999.9,0
2011/1/27,33.7833333,115.7333333,40.3,bx,33.2,8,14.6,8,1038.5,8,33.2,4,12.8,8,3.6,8,5.8,999.9,39.7, ,27.5, ,0,I,999.9,0
2011/1/28,33.7833333,115.7333333,40.3,bx,30.8,8,13.5,8,1037,8,32.1,4,8.8,8,2.7,8,5.8,999.9,39.7, ,23.9,*,0,I,999.9,0
2011/1/29,33.7833333,115.7333333,40.3,bx,27,8,6.2,8,1038,8,32.8,4,9.2,8,2.4,8,5.8,999.9,36.3, ,20.8,*,0,I,999.9,0
2011/1/30,33.7833333,115.7333333,40.3,bx,30.1,8,1.4,8,1035.8,8,31.1,4,11,8,2.7,8,3.9,999.9,42.4, ,19.6, ,0,I,999.9,0
2011/1/31,33.7833333,115.7333333,40.3,bx,37.9,8,-1.6,8,1029.7,8,25.2,4,12,8,3.9,8,5.8,999.9,47.8, ,21.9, ,0,I,999.9,0
2011/2/1,33.7833333,115.7333333,40.3,bx,35.4,8,3.1,8,1024.3,8,19.3,4,13.2,8,3.4,8,5.8,999.9,49.5, ,25.7,*,0,I,999.9,0
2011/2/2,33.7833333,115.7333333,40.3,bx,44.6,8,15.4,8,1021.6,8,16.7,4,10.8,8,3.9,8,5.8,999.9,55.9, ,25.5, ,0,I,999.9,0
2011/2/3,33.7833333,115.7333333,40.3,bx,39.7,8,20.1,8,1020.2,8,15.5,4,7.7,8,1.7,8,3.9,999.9,55.4, ,29.3,*,0,I,999.9,0
2011/2/4,33.7833333,115.7333333,40.3,bx,40.2,8,17.3,8,1021.4,8,16.2,4,7.5,8,1.9,8,1.9,999.9,55.4, ,28.2, ,0,I,999.9,0
2011/2/5,33.7833333,115.7333333,40.3,bx,44.1,8,24.4,8,1017.2,8,12.5,4,8.2,8,2.9,8,5.8,999.9,57.9, ,29.3, ,0,I,999.9,0
2011/2/6,33.7833333,115.7333333,40.3,bx,47.3,8,19.9,8,1018.7,8,13.8,4,9.5,8,3.6,8,7.8,999.9,60.8, ,33.8, ,0,I,999.9,0
2011/2/7,33.7833333,115.7333333,40.3,bx,38.6,8,30.2,8,1010.9,8,6.1,4,4.7,8,3.2,8,5.8,999.9,44.1, ,34.3,*,0.01,G,999.9,10000
2011/2/8,33.7833333,115.7333333,40.3,bx,42.5,8,27.6,8,1015.2,8,9.5,4,3.8,8,3.9,8,5.8,999.9,50.7, ,32.2, ,0,I,999.9,0
2011/2/9,33.7833333,115.7333333,40.3,bx,33.5,8,25.3,8,1024,8,18.9,4,7.4,8,4.1,8,7.8,999.9,41.4, ,29.8,*,0.04,G,999.9,11000
2011/2/10,33.7833333,115.7333333,40.3,bx,32.5,8,25.6,8,1027.9,8,22.6,4,8.2,8,2.7,8,3.9,999.9,34.5, ,29.5, ,0.01,G,999.9,1000
2011/2/11,33.7833333,115.7333333,40.3,bx,31.6,8,25,8,1031,8,25.7,4,8.1,8,1.9,8,3.9,999.9,36.5, ,27.5,*,0,G,999.9,0
2011/2/12,33.7833333,115.7333333,40.3,bx,31.9,8,13.1,8,1029.7,8,25.1,4,12,8,3.6,8,3.9,999.9,38.1, ,25.9, ,0,I,999.9,0
2011/2/13,33.7833333,115.7333333,40.3,bx,29.5,8,21.6,8,1029.4,8,23.8,4,8.2,8,5.1,8,9.7,999.9,36, ,21.6,*,0,G,999.9,1000
2011/2/14,33.7833333,115.7333333,40.3,bx,27.6,8,13.3,8,1033.1,8,28.2,4,10.3,8,3.4,8,5.8,999.9,36.9, ,19.9, ,0,G,999.9,0
2011/2/15,33.7833333,115.7333333,40.3,bx,32.9,8,19.2,8,1028.1,8,23.4,4,9.6,8,3.9,8,7.8,999.9,37.2, ,21.2, ,0,I,999.9,0
2011/2/16,33.7833333,115.7333333,40.3,bx,38.2,8,24.5,8,1022.1,8,17.2,4,10.6,8,3.6,8,3.9,999.9,45.1, ,32.5, ,0,I,999.9,0
2011/2/17,33.7833333,115.7333333,40.3,bx,41.3,8,26.7,8,1024.6,8,19.4,4,8.3,8,1.7,8,3.9,999.9,50.2, ,34.2, ,0,I,999.9,0
2011/2/18,33.7833333,115.7333333,40.3,bx,40.5,8,16.3,8,1026.7,8,21.8,4,9.2,8,2.9,8,5.8,999.9,48.7, ,32.9,*,0,I,999.9,0
2011/2/19,33.7833333,115.7333333,40.3,bx,39.3,8,13.8,8,1026.1,8,21.2,4,12,8,2.2,8,3.9,999.9,48.6, ,30,*,0,I,999.9,0
2011/2/20,33.7833333,115.7333333,40.3,bx,42.5,8,17.9,8,1026.3,8,21.5,4,12.4,8,3.2,8,5.8,999.9,53.6, ,29.7, ,0,I,999.9,0
2011/2/21,33.7833333,115.7333333,40.3,bx,46,8,17.3,8,1024,8,19.4,4,13.6,8,4.6,8,5.8,999.9,55.8, ,31.1, ,0,I,999.9,0
2011/2/22,33.7833333,115.7333333,40.3,bx,47,8,24.8,8,1021,8,16.4,4,9.6,8,2.9,8,3.9,999.9,55.8, ,37.9, ,0,I,999.9,0
2011/2/23,33.7833333,115.7333333,40.3,bx,53.7,8,30.5,8,1016.4,8,11.8,4,11.1,8,4.4,8,5.8,999.9,64.6, ,40.3, ,0,I,999.9,0
2011/2/24,33.7833333,115.7333333,40.3,bx,56.4,8,36.8,8,1017.9,8,12.7,4,9.2,8,3.2,8,5.8,999.9,68.4, ,46.4,*,0,I,999.9,0
2011/2/25,33.7833333,115.7333333,40.3,bx,46.1,8,29,8,1024.1,8,19.2,4,7.5,8,7,8,11.7,999.9,53.8, ,35.6,*,0.29,G,999.9,10000
2011/2/26,33.7833333,115.7333333,40.3,bx,35.7,8,33,8,1020.9,8,16,4,5.9,8,5.1,8,7.8,999.9,39.6, ,34.3,*,0.44,G,999.9,10000
2011/2/27,33.7833333,115.7333333,40.3,bx,32.7,8,28,8,1023.4,8,18,4,7.2,8,5.8,8,7.8,999.9,35.1, ,30.7,*,0.21,G,999.9,10000
2011/2/28,33.7833333,115.7333333,40.3,bx,30.2,8,26.8,8,1026.7,8,21.6,4,5.7,8,3.9,8,5.8,999.9,32.4, ,28.4,*,0.59,G,999.9,1000
2011/3/1,33.7833333,115.7333333,40.3,bx,31,8,25.9,8,1028.2,8,23.4,4,8.3,8,2.4,8,3.9,999.9,36, ,28, ,0,G,999.9,1000
2011/3/2,33.7833333,115.7333333,40.3,bx,37.5,8,29.7,8,1027.4,8,22.4,4,8.2,8,1.7,8,3.9,999.9,45.7, ,26.4, ,0,G,999.9,0
2011/3/3,33.7833333,115.7333333,40.3,bx,38.3,8,22,8,1028.8,8,23.7,4,9.9,8,2.9,8,5.8,999.9,47.7, ,28.6,*,0,I,999.9,0
2011/3/4,33.7833333,115.7333333,40.3,bx,42.4,8,23.7,8,1024.6,8,20,4,11.7,8,4.1,8,5.8,999.9,49.8, ,28.4, ,0,I,999.9,0
2011/3/5,33.7833333,115.7333333,40.3,bx,47.5,8,35.2,8,1019.1,8,14.2,4,8.2,8,2.7,8,3.9,999.9,55, ,39.4, ,0,I,999.9,0
2011/3/6,33.7833333,115.7333333,40.3,bx,44.5,8,29.5,8,1024.2,8,19.1,4,7,8,2.7,8,5.8,999.9,54, ,32.7,*,0,I,999.9,0
2011/3/7,33.7833333,115.7333333,40.3,bx,46.6,8,26.9,8,1023.3,8,18.7,4,11.9,8,2.7,8,3.9,999.9,57.2, ,32, ,0,I,999.9,0
2011/3/8,33.7833333,115.7333333,40.3,bx,51.1,8,29,8,1023.3,8,17.9,4,9.9,8,2.9,8,5.8,999.9,61.7, ,36.1, ,0,I,999.9,0
2011/3/9,33.7833333,115.7333333,40.3,bx,47.4,8,15.6,8,1030.6,8,25.9,4,12,8,3.4,8,5.8,999.9,56.8, ,39.4,*,0,I,999.9,0
2011/3/10,33.7833333,115.7333333,40.3,bx,51.1,8,20,8,1025.2,8,20.8,4,13.6,8,3.2,8,3.9,999.9,61.3, ,35.6, ,0,I,999.9,0
2011/3/11,33.7833333,115.7333333,40.3,bx,54.6,8,21.2,8,1018.5,8,14.2,4,13.6,8,5.6,8,7.8,999.9,63.7, ,45.3, ,0,I,999.9,0
2011/3/12,33.7833333,115.7333333,40.3,bx,59,8,38.1,8,1013.8,8,9.1,4,12.8,8,4.4,8,5.8,999.9,70.5, ,45, ,0,I,999.9,0
2011/3/13,33.7833333,115.7333333,40.3,bx,60.8,8,40.9,8,1013,8,7.9,4,11.3,8,3.4,8,5.8,999.9,71.1, ,51.4, ,0,I,999.9,0
2011/3/14,33.7833333,115.7333333,40.3,bx,43.2,8,23,8,1029.3,8,23.5,4,10.6,8,6.3,8,11.7,999.9,57.6, ,37.8,*,0,G,999.9,10000
2011/3/15,33.7833333,115.7333333,40.3,bx,44.9,8,13.6,8,1030.1,8,25.3,4,11.8,8,4.4,8,9.7,999.9,53.4, ,36.5, ,0,G,999.9,0
2011/3/16,33.7833333,115.7333333,40.3,bx,50.2,8,9.7,8,1026.6,8,22,4,14,8,4.1,8,5.8,999.9,59.5, ,36.3, ,0,I,999.9,0
2011/3/17,33.7833333,115.7333333,40.3,bx,56.4,7,16,7,1021.4,7,999.9,0,14.2,7,6.1,7,7.8,999.9,65.5,*,42.6, ,0,I,999.9,0
2011/3/18,33.7833333,115.7333333,40.3,bx,58.1,8,27.8,8,1016.9,8,11.9,4,11.7,8,4.9,8,7.8,999.9,68, ,46.9, ,0,I,999.9,0
2011/3/19,33.7833333,115.7333333,40.3,bx,50.4,8,30.9,8,1015.1,8,10.8,4,8.4,8,5.6,8,9.7,999.9,58.3, ,43,*,0.07,G,999.9,10000
2011/3/20,33.7833333,115.7333333,40.3,bx,47.2,8,39.3,8,1018.7,8,13.4,4,8.2,8,3.2,8,5.8,999.9,53.4, ,42.3, ,0.31,G,999.9,10000
2011/3/21,33.7833333,115.7333333,40.3,bx,47.3,8,32.9,8,1026.8,8,21.3,4,9.5,8,3.4,8,5.8,999.9,53.6, ,41.9,*,0,G,999.9,10000
2011/3/22,33.7833333,115.7333333,40.3,bx,48.1,8,18.4,8,1030.1,8,25.5,4,13.6,8,2.9,8,3.9,999.9,54.9, ,40.1, ,0,I,999.9,0
2011/3/23,33.7833333,115.7333333,40.3,bx,50.1,8,26.4,8,1026.1,8,21.2,4,12.4,8,4.4,8,5.8,999.9,58.8, ,41.7, ,0,I,999.9,0
2011/3/24,33.7833333,115.7333333,40.3,bx,45.3,8,12.8,8,1030.4,8,25.3,4,14.4,8,4.4,8,7.8,999.9,53.6, ,35.2,*,0,I,999.9,0
2011/3/25,33.7833333,115.7333333,40.3,bx,50.4,8,16.5,8,1030.1,8,25.4,4,14.4,8,4.1,8,5.8,999.9,58.6, ,34.9, ,0,I,999.9,0
2011/3/26,33.7833333,115.7333333,40.3,bx,50.8,7,20.5,7,1027.1,7,999.9,0,12.4,7,2.2,7,5.8,999.9,63.7, ,43.2,*,0,I,999.9,0
2011/3/27,33.7833333,115.7333333,40.3,bx,53.1,8,19.7,8,1025.6,8,21,4,10.6,8,2.2,8,3.9,999.9,66, ,40.1, ,0,I,999.9,0
2011/3/28,33.7833333,115.7333333,40.3,bx,55.5,8,19.1,8,1026.3,8,21.3,4,13.2,8,4.1,8,5.8,999.9,67.3, ,39.7, ,0,I,999.9,0
2011/3/29,33.7833333,115.7333333,40.3,bx,55.5,8,21.1,8,1027,8,22.7,4,14,8,4.6,8,5.8,999.9,65.5, ,43.2, ,0,I,999.9,0
2011/3/30,33.7833333,115.7333333,40.3,bx,58.7,8,25.7,8,1021.6,8,17.3,4,11.7,8,6.1,8,9.7,999.9,70.5, ,46.6, ,0,I,999.9,0
2011/3/31,33.7833333,115.7333333,40.3,bx,63.4,8,34.5,8,1017,8,12.5,4,12.3,8,4.4,8,5.8,999.9,75.4, ,48.4, ,0,I,999.9,0
2011/4/1,33.7833333,115.7333333,40.3,bx,61.3,8,37,8,1019,8,13.8,4,9.6,8,4.6,8,7.8,999.9,73.9, ,46,*,0,I,999.9,0
2011/4/2,33.7833333,115.7333333,40.3,bx,38.8,8,33,8,1027.4,8,22.3,4,9.4,8,5.6,8,9.7,999.9,51.6, ,36,*,0.23,G,999.9,10000
2011/4/3,33.7833333,115.7333333,40.3,bx,45.9,8,28.1,8,1026.7,8,21.9,4,11.3,8,3.4,8,7.8,999.9,55.4, ,35.8, ,0,I,999.9,0
2011/4/4,33.7833333,115.7333333,40.3,bx,52.2,8,23.4,8,1025.7,8,20.9,4,11.7,8,3.2,8,5.8,999.9,63.1, ,36.7, ,0,I,999.9,0
2011/4/5,33.7833333,115.7333333,40.3,bx,56.1,8,29,8,1022.2,8,17.9,4,11.8,8,5.8,8,9.7,999.9,64.2, ,44.1, ,0.01,G,999.9,10000
2011/4/6,33.7833333,115.7333333,40.3,bx,48.4,8,43.4,8,1019.3,8,14.7,4,6.7,8,2.9,8,5.8,999.9,53.8, ,43.7,*,0.15,G,999.9,110000
2011/4/7,33.7833333,115.7333333,40.3,bx,52.9,8,46.3,8,1020.9,8,15.8,4,5.3,8,2.7,8,3.9,999.9,61.7, ,43.2, ,0,I,999.9,100000
2011/4/8,33.7833333,115.7333333,40.3,bx,61.3,8,39.9,8,1021.7,8,17.1,4,9.8,8,3.6,8,3.9,999.9,70.3, ,46.8, ,0,I,999.9,0
2011/4/9,33.7833333,115.7333333,40.3,bx,66.8,8,43.4,8,1017.3,8,13.1,4,11.3,8,5.1,8,7.8,999.9,76.1, ,54.7, ,0,I,999.9,0
2011/4/10,33.7833333,115.7333333,40.3,bx,56.8,8,38.6,8,1021.8,8,16.5,4,11.7,8,6.1,8,13.6,999.9,73.6, ,42.4,*,0,I,999.9,0
2011/4/11,33.7833333,115.7333333,40.3,bx,56.6,8,23.9,8,1023.3,8,19,4,13.6,8,3.4,8,7.8,999.9,66.6, ,40.6, ,0,I,999.9,0
2011/4/12,33.7833333,115.7333333,40.3,bx,62.3,8,34.2,8,1017.2,8,12.9,4,13.2,8,4.1,8,5.8,999.9,71.2, ,47.5, ,0,I,999.9,0
2011/4/13,33.7833333,115.7333333,40.3,bx,66.5,8,51.5,8,1012.4,8,8.1,4,12,8,4.6,8,5.8,999.9,75.9, ,54.3, ,0,I,999.9,0
2011/4/14,33.7833333,115.7333333,40.3,bx,69.5,8,56.9,8,1007.5,8,3.1,4,9.1,8,1.9,8,3.9,999.9,81.1, ,58.8, ,0,I,999.9,0
2011/4/15,33.7833333,115.7333333,40.3,bx,71.7,8,38.5,8,1010.9,8,5.6,4,11.8,8,5.1,8,9.7,999.9,86.2, ,55.9,*,0,I,999.9,0
2011/4/16,33.7833333,115.7333333,40.3,bx,60.9,8,29.7,8,1016,8,11.7,4,11.7,8,5.3,8,9.7,999.9,69.6, ,54.1, ,0,I,999.9,0
2011/4/17,33.7833333,115.7333333,40.3,bx,63.9,8,32.4,8,1012.8,8,7.7,4,12.4,8,5.3,8,9.7,999.9,75.4, ,53.4, ,0,I,999.9,0
2011/4/18,33.7833333,115.7333333,40.3,bx,59.9,8,19.8,8,1018.9,8,14,4,12.8,8,4.9,8,7.8,999.9,68.5, ,50.7,*,0,I,999.9,0
2011/4/19,33.7833333,115.7333333,40.3,bx,61.7,8,28.4,8,1018.7,8,14.5,4,12.4,8,6.3,8,7.8,999.9,70.7, ,50.5, ,0,I,999.9,0
2011/4/20,33.7833333,115.7333333,40.3,bx,68.8,8,40.7,8,1011.2,8,7.1,4,12.4,8,6.3,8,9.7,999.9,78.4, ,52.7, ,0,G,999.9,10000
2011/4/21,33.7833333,115.7333333,40.3,bx,63,8,52.5,8,1012.2,8,6.9,4,9.9,8,6.3,8,7.8,999.9,70.9, ,53.8,*,0,G,999.9,0
2011/4/22,33.7833333,115.7333333,40.3,bx,59.7,8,43.8,8,1017.2,8,12.7,4,10.1,8,3.2,8,5.8,999.9,69.3, ,51.4, ,0,G,999.9,10010
2011/4/23,33.7833333,115.7333333,40.3,bx,65.4,8,38.7,8,1013.4,8,8.9,4,12,8,4.9,8,9.7,999.9,79, ,50.5, ,0,G,999.9,0
2011/4/24,33.7833333,115.7333333,40.3,bx,65.7,8,33.5,8,1012.3,8,8.4,4,12.4,8,5.3,8,7.8,999.9,73.2, ,53.8, ,0,I,999.9,0
2011/4/25,33.7833333,115.7333333,40.3,bx,76.9,8,49.1,8,1000.6,8,996.4,4,13.6,8,6.8,8,11.7,999.9,88.9, ,58.3, ,0,I,999.9,0
2011/4/26,33.7833333,115.7333333,40.3,bx,70.8,8,46.7,8,1004.7,8,999.9,4,10.5,8,4.4,8,7.8,999.9,82.9, ,60.1,*,0,G,999.9,10000
2011/4/27,33.7833333,115.7333333,40.3,bx,66.2,8,32.7,8,1012.3,8,7.6,4,13.6,8,3.9,8,5.8,999.9,74.5, ,58.1, ,0,G,999.9,0
2011/4/28,33.7833333,115.7333333,40.3,bx,70.8,8,37.1,8,1006.1,8,2.3,4,13.6,8,6.1,8,7.8,999.9,81, ,57.9, ,0,I,999.9,0
2011/4/29,33.7833333,115.7333333,40.3,bx,81.9,8,57.8,8,998.1,8,993.8,4,13.2,8,7.5,8,13.6,999.9,93.2, ,63.1, ,0,I,999.9,0
2011/4/30,33.7833333,115.7333333,40.3,bx,72.5,8,48.7,8,1006.3,8,1,4,9.3,8,3.9,8,7.8,999.9,81.3, ,63.9,*,0,I,999.9,0
2011/5/1,33.7833333,115.7333333,40.3,bx,66.7,8,36.5,8,1015.4,8,10.7,4,10.9,8,3.4,8,5.8,999.9,74.3, ,59.7,*,0,I,999.9,0
2011/5/2,33.7833333,115.7333333,40.3,bx,58.5,8,45.7,8,1015.5,8,10.7,4,10,8,3.2,8,5.8,999.9,67.3, ,50.5,*,0.01,G,999.9,10000
2011/5/3,33.7833333,115.7333333,40.3,bx,64.7,8,47.8,8,1016.1,8,11.6,4,11.8,8,2.9,8,3.9,999.9,74.5, ,50, ,0,I,999.9,0
2011/5/4,33.7833333,115.7333333,40.3,bx,66.9,8,43.6,8,1010.8,8,6.5,4,12.8,8,6.3,8,9.7,999.9,75.9, ,55.8, ,0,I,999.9,0
2011/5/5,33.7833333,115.7333333,40.3,bx,71.6,8,52.7,8,1004.9,8,0.7,4,12,8,6.8,8,7.8,999.9,81, ,56.1, ,0,I,999.9,0
2011/5/6,33.7833333,115.7333333,40.3,bx,76.5,8,60.3,8,1003,8,998.5,4,11.1,8,3.6,8,5.8,999.9,85.3, ,63.7, ,0,I,999.9,0
2011/5/7,33.7833333,115.7333333,40.3,bx,81.7,8,65.1,8,1004,8,999.4,4,11.3,8,4.1,8,7.8,999.9,89.4, ,70.7, ,0,I,999.9,0
2011/5/8,33.7833333,115.7333333,40.3,bx,76.4,8,66.2,8,1003,8,998.8,4,7.2,8,4.4,8,5.8,999.9,90.7, ,61.9,*,0.27,G,999.9,10000
2011/5/9,33.7833333,115.7333333,40.3,bx,69.2,8,61.8,8,1003,8,998.6,4,6.4,8,6.1,8,7.8,999.9,81.9, ,61.3,*,0.48,G,999.9,10000
2011/5/10,33.7833333,115.7333333,40.3,bx,58.8,8,55.9,8,1005.1,8,0,4,6.4,8,6.8,8,9.7,999.9,63.5, ,56.3,*,1.31,G,999.9,10000
2011/5/11,33.7833333,115.7333333,40.3,bx,64.6,8,57.2,8,1009.2,8,4.4,4,8.6,8,3.2,8,5.8,999.9,71.1, ,56.1, ,0,G,999.9,0
2011/5/12,33.7833333,115.7333333,40.3,bx,67.6,8,40.3,8,1013.8,8,8.9,4,13.2,8,4.9,8,9.7,999.9,76.1, ,55.8,*,0,I,999.9,0
2011/5/13,33.7833333,115.7333333,40.3,bx,69,8,44.4,8,1015,8,10.4,4,11.7,8,3.6,8,7.8,999.9,79.2, ,55, ,0,I,999.9,0
2011/5/14,33.7833333,115.7333333,40.3,bx,71.9,8,45,8,1014.1,8,9.6,4,13.6,8,4.1,8,5.8,999.9,82, ,59.9, ,0,I,999.9,0
2011/5/15,33.7833333,115.7333333,40.3,bx,72.6,8,53,8,1013.1,8,8.5,4,14,8,4.6,8,5.8,999.9,80.6, ,61.5, ,0,I,999.9,0
2011/5/16,33.7833333,115.7333333,40.3,bx,74.4,8,56.6,8,1012.6,8,8.4,4,12,8,3.9,8,5.8,999.9,83.3, ,64, ,0,G,999.9,0
2011/5/17,33.7833333,115.7333333,40.3,bx,79.7,8,55.4,8,1002.4,8,998.5,4,13.2,8,6.6,8,9.7,999.9,89.4, ,65.8, ,0,G,999.9,0
2011/5/18,33.7833333,115.7333333,40.3,bx,83.6,8,58.8,8,1000.9,8,996.2,4,13.6,8,4.9,8,5.8,999.9,92.8, ,71.1, ,0,I,999.9,0
2011/5/19,33.7833333,115.7333333,40.3,bx,76.7,8,61.7,8,1006.7,8,2,4,11.3,8,5.6,8,7.8,999.9,84.4, ,69.4,*,0,I,999.9,0
2011/5/20,33.7833333,115.7333333,40.3,bx,66.6,8,52,8,1011.7,8,6.7,4,11.4,8,6.6,8,11.7,999.9,74.5, ,57.7,*,0,I,999.9,0
2011/5/21,33.7833333,115.7333333,40.3,bx,61.4,8,45.4,8,1016.5,8,11.7,4,13.2,8,4.1,8,7.8,999.9,68.4, ,55, ,0,I,999.9,0
2011/5/22,33.7833333,115.7333333,40.3,bx,56.1,8,47.5,8,1017.6,8,12.5,4,12.3,8,2.4,8,3.9,999.9,63.7, ,50.5,*,0.3,G,999.9,10000
2011/5/23,33.7833333,115.7333333,40.3,bx,64.5,8,50.3,8,1017.9,8,13,4,13.6,8,2.7,8,3.9,999.9,72.7, ,50.4, ,0,I,999.9,0
2011/5/24,33.7833333,115.7333333,40.3,bx,66.1,8,46.8,8,1016.4,8,11.9,4,12.8,8,3.2,8,5.8,999.9,70.9, ,59.2, ,0,I,999.9,0
2011/5/25,33.7833333,115.7333333,40.3,bx,67.3,8,45.9,8,1014.2,8,9.7,4,12.4,8,1.9,8,3.9,999.9,77.4, ,58.6,*,0,I,999.9,0
2011/5/26,33.7833333,115.7333333,40.3,bx,68,8,56.6,8,1013.6,8,8.9,4,12.2,8,4.4,8,5.8,999.9,77.5, ,57.4, ,0,I,999.9,0
2011/5/27,33.7833333,115.7333333,40.3,bx,72.7,8,55,8,1012.6,8,8.2,4,13.2,8,3.6,8,5.8,999.9,82.8, ,59, ,0,I,999.9,0
2011/5/28,33.7833333,115.7333333,40.3,bx,75.8,8,49.5,8,1012.5,8,8,4,14,8,4.6,8,5.8,999.9,87.6, ,64.2, ,0,I,999.9,0
2011/5/29,33.7833333,115.7333333,40.3,bx,76.4,8,47.1,8,1011.7,8,7.3,4,12.2,8,3.9,8,5.8,999.9,82.6, ,65.8, ,0,I,999.9,0
2011/5/30,33.7833333,115.7333333,40.3,bx,72.7,8,59.2,8,1006.2,8,1.8,4,7.7,8,4.9,8,5.8,999.9,75.2, ,70,*,0,G,999.9,10000
2011/5/31,33.7833333,115.7333333,40.3,bx,76.7,8,53.7,8,1005.6,8,0.9,4,12,8,4.1,8,5.8,999.9,89.4, ,64.4,*,0,G,999.9,0
2011/6/1,33.7833333,115.7333333,40.3,bx,78,8,47.5,8,1009.8,8,5.1,4,13.6,8,3.6,8,7.8,999.9,89.1, ,63.9, ,0,I,999.9,0
2011/6/2,33.7833333,115.7333333,40.3,bx,80.2,8,48.7,8,1008.9,8,4.6,4,10.7,8,5.1,8,5.8,999.9,90.7, ,67.3, ,0,I,999.9,0
2011/6/3,33.7833333,115.7333333,40.3,bx,82.4,8,50.5,8,1005.1,8,0.9,4,11.4,8,2.9,8,5.8,999.9,93.7, ,68.9, ,0,I,999.9,0
2011/6/4,33.7833333,115.7333333,40.3,bx,79.4,8,58.3,8,1004.7,8,0.2,4,8.3,8,2.2,8,3.9,999.9,87.4, ,69.6,*,0,I,999.9,0
2011/6/5,33.7833333,115.7333333,40.3,bx,82.4,8,55.1,8,1006.5,8,2.1,4,7.8,8,3.6,8,5.8,999.9,92.5, ,69.1, ,0,I,999.9,0
2011/6/6,33.7833333,115.7333333,40.3,bx,79.8,8,59.2,8,1003.5,8,999.3,4,7.9,8,4.6,8,5.8,999.9,90.3, ,69.3,*,0,I,999.9,0
2011/6/7,33.7833333,115.7333333,40.3,bx,83.7,8,62.3,8,1000.2,8,995.9,4,10.8,8,4.9,8,7.8,999.9,96.3, ,68.9, ,0,I,999.9,0
2011/6/8,33.7833333,115.7333333,40.3,bx,91,8,62,8,999.3,8,994.9,4,12.4,8,4.1,8,7.8,999.9,104, ,75, ,0,G,999.9,0
2011/6/9,33.7833333,115.7333333,40.3,bx,79,8,63.1,8,1001.5,8,997.1,4,7.2,8,3.2,8,5.8,999.9,90.5, ,70.9,*,0.06,G,999.9,10010
2011/6/10,33.7833333,115.7333333,40.3,bx,74.5,8,64.1,8,1002.3,8,997.6,4,8.2,8,5.1,8,7.8,999.9,81.7, ,67.8,*,0,I,999.9,0
2011/6/11,33.7833333,115.7333333,40.3,bx,78.7,8,62.8,8,1004.1,8,999.7,4,9.3,8,4.4,8,7.8,999.9,84.7, ,67.5, ,0,I,999.9,0
2011/6/12,33.7833333,115.7333333,40.3,bx,80.8,8,59.5,8,1005.8,8,1.1,4,6.4,8,2.9,8,3.9,999.9,91.8, ,71.6, ,0,I,999.9,0
2011/6/13,33.7833333,115.7333333,40.3,bx,78.5,8,59.1,8,1006.3,8,1.8,4,7.8,8,5.1,8,5.8,999.9,87.1, ,70.7,*,0.1,G,999.9,10000
2011/6/14,33.7833333,115.7333333,40.3,bx,72.1,8,66.4,8,1005.6,8,1.1,4,5.8,8,2.4,8,3.9,999.9,76.8, ,67.1,*,0.02,G,999.9,10000
2011/6/15,33.7833333,115.7333333,40.3,bx,76.3,8,60.6,8,1004.7,8,0,4,8.5,8,3.9,8,5.8,999.9,84.9, ,66.4, ,0,G,999.9,0
2011/6/16,33.7833333,115.7333333,40.3,bx,77,8,62.5,8,1006,8,1.4,4,9.1,8,5.3,8,7.8,999.9,83.7, ,68.4, ,0,I,999.9,0
2011/6/17,33.7833333,115.7333333,40.3,bx,78.1,8,64.5,8,1006.4,8,1.9,4,7.9,8,3.2,8,3.9,999.9,85.6, ,71.2, ,0.01,G,999.9,10000
2011/6/18,33.7833333,115.7333333,40.3,bx,78,8,60.3,8,1006.2,8,1.7,4,6.9,8,4.1,8,5.8,999.9,84.9, ,71.4,*,0,A,999.9,0
2011/6/19,33.7833333,115.7333333,40.3,bx,79,8,62.1,8,1007,8,2.5,4,11,8,3.6,8,5.8,999.9,88.3, ,70.3, ,0,I,999.9,0
2011/6/20,33.7833333,115.7333333,40.3,bx,82,8,61.1,8,1006.2,8,1.9,4,12.4,8,4.9,8,7.8,999.9,90.9, ,70.9, ,0,I,999.9,0
2011/6/21,33.7833333,115.7333333,40.3,bx,82.6,8,69.5,8,1003.4,8,999.3,4,10.3,8,5.1,8,7.8,999.9,89.1, ,74.8, ,0,I,999.9,0
2011/6/22,33.7833333,115.7333333,40.3,bx,82.9,8,73.6,8,999.3,8,995.1,4,9.6,8,3.6,8,7.8,999.9,91, ,76.8,*,1,G,999.9,10010
2011/6/23,33.7833333,115.7333333,40.3,bx,76.8,8,73.2,8,999.8,8,995.1,4,7.1,8,2.4,8,3.9,999.9,78.6, ,75,*,0.19,G,999.9,10000
2011/6/24,33.7833333,115.7333333,40.3,bx,77,8,68.2,8,1005.2,8,0.5,4,7.5,8,3.9,8,5.8,999.9,82.8, ,70.3,*,0.15,G,999.9,0
2011/6/25,33.7833333,115.7333333,40.3,bx,76.1,8,59.5,8,1005.9,8,1.6,4,12,8,4.6,8,7.8,999.9,84.9, ,67.5,*,0,G,999.9,0
2011/6/26,33.7833333,115.7333333,40.3,bx,77.1,8,56.5,8,1002.2,8,997.8,4,13.2,8,4.6,8,11.7,999.9,86.5, ,66.7, ,0,I,999.9,0
2011/6/27,33.7833333,115.7333333,40.3,bx,82,8,60,8,1001.9,8,997.4,4,12.4,8,4.1,8,5.8,999.9,90.7, ,69.3, ,0,I,999.9,0
2011/6/28,33.7833333,115.7333333,40.3,bx,79.1,8,67.7,8,1002.8,8,998.2,4,10.6,8,2.9,8,3.9,999.9,88.9, ,73,*,0.21,G,999.9,10010
2011/6/29,33.7833333,115.7333333,40.3,bx,85.4,8,68.1,8,1003.2,8,998.8,4,11.7,8,3.4,8,5.8,999.9,93.9, ,72.9, ,0,I,999.9,0
2011/6/30,33.7833333,115.7333333,40.3,bx,87.8,8,71.2,8,1002.8,8,998.6,4,14,8,5.3,8,5.8,999.9,97.3, ,78.6, ,0,I,999.9,0
2011/7/1,33.7833333,115.7333333,40.3,bx,87.9,8,71.9,8,1001.1,8,997,4,14,8,4.1,8,5.8,999.9,93.9, ,79.5, ,0,I,999.9,0
2011/7/2,33.7833333,115.7333333,40.3,bx,91.4,8,69.5,8,997,8,992.8,4,14,8,6.6,8,9.7,999.9,99, ,82.6, ,0,I,999.9,0
2011/7/3,33.7833333,115.7333333,40.3,bx,81.9,8,73.4,8,1001.3,8,996.4,4,10.9,8,4.1,8,5.8,999.9,89.8, ,74.5,*,0.42,G,999.9,10000
2011/7/4,33.7833333,115.7333333,40.3,bx,72.3,8,66,8,1005.8,8,1.4,4,10.4,8,3.6,8,5.8,999.9,76.8, ,70.2,*,0.24,G,999.9,10000
2011/7/5,33.7833333,115.7333333,40.3,bx,78.2,8,72.2,8,1000.8,8,996.6,4,7.8,8,2.9,8,3.9,999.9,82.9, ,70.2, ,0.08,G,999.9,0
2011/7/6,33.7833333,115.7333333,40.3,bx,78.3,8,73.4,8,997.8,8,993.4,4,3.7,8,3.6,8,7.8,999.9,86, ,71.4,*,0.72,G,999.9,10000
2011/7/7,33.7833333,115.7333333,40.3,bx,77.6,8,67.2,8,1000.6,8,995.9,4,9.6,8,3.6,8,5.8,999.9,87.3, ,69.8,*,0.04,A,999.9,0
2011/7/8,33.7833333,115.7333333,40.3,bx,84,8,64.8,8,1002.4,8,997.8,4,14,8,4.6,8,5.8,999.9,95.4, ,69.6, ,0,I,999.9,0
2011/7/9,33.7833333,115.7333333,40.3,bx,85.1,8,68.4,8,1005.5,8,0.9,4,13.6,8,2.9,8,3.9,999.9,93.7, ,74.7, ,0,I,999.9,0
2011/7/10,33.7833333,115.7333333,40.3,bx,87.5,8,66.6,8,1005.9,8,1.5,4,12.4,8,3.9,8,5.8,999.9,95, ,78.6, ,0,I,999.9,0
2011/7/11,33.7833333,115.7333333,40.3,bx,84.4,8,66.8,8,1006,8,1.6,4,10.9,8,3.4,8,5.8,999.9,94.1, ,76.1,*,0,I,999.9,0
2011/7/12,33.7833333,115.7333333,40.3,bx,81.9,8,68.9,8,1005.7,8,1.3,4,8.9,8,3.4,8,7.8,999.9,88.9, ,75.6, ,0,I,999.9,0
2011/7/13,33.7833333,115.7333333,40.3,bx,77.9,8,70.5,8,1006.3,8,1.8,4,7.4,8,2.4,8,3.9,999.9,82.9, ,73.9,*,0.02,G,999.9,10000
2011/7/14,33.7833333,115.7333333,40.3,bx,77.9,8,68.5,8,1006.9,8,2.4,4,10.3,8,3.9,8,5.8,999.9,83.3, ,72,*,0,I,999.9,0
2011/7/15,33.7833333,115.7333333,40.3,bx,76.8,8,65.5,8,1007.3,8,2.9,4,11.3,8,4.1,8,7.8,999.9,84.7, ,70.2,*,0,I,999.9,0
2011/7/16,33.7833333,115.7333333,40.3,bx,79.5,8,67.3,8,1004.5,8,0.3,4,11.7,8,2.9,8,5.8,999.9,85.8, ,70.2, ,0,I,999.9,0
2011/7/17,33.7833333,115.7333333,40.3,bx,82.4,8,68,8,1001.9,8,997.6,4,12.4,8,2.7,8,3.9,999.9,89.8, ,72.9, ,0,I,999.9,0
2011/7/18,33.7833333,115.7333333,40.3,bx,80,8,69.9,8,1000.6,8,996.3,4,10.9,8,3.6,8,5.8,999.9,84.2, ,75.2, ,0,G,999.9,10000
2011/7/19,33.7833333,115.7333333,40.3,bx,78.1,8,67.1,8,1000.8,8,996.2,4,12.8,8,3.4,8,5.8,999.9,86.5, ,72.3,*,0,G,999.9,0
2011/7/20,33.7833333,115.7333333,40.3,bx,80.6,8,69,8,1002.4,8,997.9,4,10.9,8,3.4,8,3.9,999.9,88.2, ,72.1, ,0,I,999.9,0
2011/7/21,33.7833333,115.7333333,40.3,bx,84.7,8,69.8,8,1003.2,8,998.7,4,10.8,8,3.6,8,5.8,999.9,93.6, ,75.2, ,0,I,999.9,0
2011/7/22,33.7833333,115.7333333,40.3,bx,87.2,8,73,8,1003.4,8,998.9,4,10.1,8,3.9,8,5.8,999.9,94.8, ,78.1, ,0,I,999.9,0
2011/7/23,33.7833333,115.7333333,40.3,bx,83.5,8,73.9,8,1004,8,999.3,4,8.9,8,2.9,8,3.9,999.9,98.8, ,76.6,*,0.4,G,999.9,10010
2011/7/24,33.7833333,115.7333333,40.3,bx,85.9,8,74.3,8,1002.2,8,998.1,4,11.3,8,4.4,8,7.8,999.9,96.3, ,76.3, ,0,G,999.9,10
2011/7/25,33.7833333,115.7333333,40.3,bx,87.8,8,73.5,8,1000.4,8,995.9,4,12.8,8,4.6,8,5.8,999.9,95.7, ,78.3, ,0,G,999.9,0
2011/7/26,33.7833333,115.7333333,40.3,bx,86.9,8,74.2,8,1001.3,8,997.1,4,12.4,8,5.1,8,7.8,999.9,99.3, ,76.3,*,0.02,G,999.9,10010
2011/7/27,33.7833333,115.7333333,40.3,bx,80.1,8,72.5,8,1004,8,999.6,4,10.9,8,3.6,8,5.8,999.9,86.7, ,75.4, ,0.09,G,999.9,10000
2011/7/28,33.7833333,115.7333333,40.3,bx,87.1,8,73.9,8,1005.3,8,0.9,4,12.4,8,3.9,8,5.8,999.9,94.5, ,77.2, ,0.08,G,999.9,0
2011/7/29,33.7833333,115.7333333,40.3,bx,86,8,76.1,8,1002.8,8,998.8,4,8.7,8,4.1,8,9.7,999.9,94.6, ,77.7,*,0.07,G,999.9,10
2011/7/30,33.7833333,115.7333333,40.3,bx,78.4,8,72,8,1004.1,8,999.4,4,9.3,8,2.9,8,5.8,999.9,82, ,75.2,*,0.02,G,999.9,10000
2011/7/31,33.7833333,115.7333333,40.3,bx,83.5,8,70.6,8,1005.6,8,1.1,4,10.5,8,3.4,8,5.8,999.9,91.4, ,74.7, ,0,I,999.9,0
2011/8/1,33.7833333,115.7333333,40.3,bx,75.3,8,68.7,8,1007.2,8,2.6,4,7.5,8,4.9,8,5.8,999.9,80.6, ,70,*,0.2,G,999.9,10000
2011/8/2,33.7833333,115.7333333,40.3,bx,71,8,67.3,8,1006.9,8,2.4,4,5.4,8,3.4,8,5.8,999.9,73.9, ,68.2, ,1.22,G,999.9,10000
2011/8/3,33.7833333,115.7333333,40.3,bx,73.3,8,66.9,8,1006,8,1.6,4,7,8,3.4,8,7.8,999.9,79.7, ,68.5, ,0,G,999.9,0
2011/8/4,33.7833333,115.7333333,40.3,bx,76.2,8,68.8,8,1005.5,8,1,4,6.3,8,2.2,8,3.9,999.9,81.7, ,69.1, ,0,I,999.9,0
2011/8/5,33.7833333,115.7333333,40.3,bx,78.7,8,73.2,8,1004.6,8,0.1,4,4.7,8,2.4,8,5.8,999.9,82.9, ,73, ,0,I,999.9,0
2011/8/6,33.7833333,115.7333333,40.3,bx,75.7,8,72.5,8,1004.1,8,999.5,4,6.6,8,3.2,8,3.9,999.9,78.1, ,74.1, ,2.27,G,999.9,10010
2011/8/7,33.7833333,115.7333333,40.3,bx,79,8,73,8,1003.6,8,999.2,4,6.4,8,2.9,8,3.9,999.9,86.7, ,74.3, ,0.01,G,999.9,0
2011/8/8,33.7833333,115.7333333,40.3,bx,82.6,8,73.5,8,1003.5,8,998.9,4,8.1,8,3.4,8,3.9,999.9,89.6, ,74.3, ,0,I,999.9,0
2011/8/9,33.7833333,115.7333333,40.3,bx,85.3,8,74.7,8,1004.5,8,999.9,4,9.6,8,3.6,8,7.8,999.9,91.6, ,77.2, ,0,I,999.9,0
2011/8/10,33.7833333,115.7333333,40.3,bx,81.5,8,74.6,8,1006,8,1.5,4,9.1,8,3.4,8,7.8,999.9,86.7, ,75.9,*,0.19,G,999.9,10000
2011/8/11,33.7833333,115.7333333,40.3,bx,80.6,8,73.8,8,1004.1,8,999.8,4,9.9,8,2.7,8,3.9,999.9,87.3, ,75.7,*,0.18,G,999.9,10000
2011/8/12,33.7833333,115.7333333,40.3,bx,83.8,8,74.5,8,1002.3,8,998,4,10.8,8,2.7,8,3.9,999.9,90.9, ,75.6, ,0,I,999.9,0
2011/8/13,33.7833333,115.7333333,40.3,bx,84.8,8,75.4,8,1001.4,8,997,4,11.3,8,3.4,8,5.8,999.9,92.5, ,78.6, ,0,G,999.9,10000
2011/8/14,33.7833333,115.7333333,40.3,bx,88,8,76.9,8,1001.8,8,997.5,4,11.3,8,4.9,8,5.8,999.9,95.2, ,79.9, ,0,G,999.9,0
2011/8/15,33.7833333,115.7333333,40.3,bx,88.1,8,76.6,8,1000.9,8,996.5,4,11.8,8,5.3,8,7.8,999.9,94.3, ,81, ,0,I,999.9,0
2011/8/16,33.7833333,115.7333333,40.3,bx,83.2,8,75.6,8,1002.6,8,997.7,4,10.5,8,4.9,8,11.7,999.9,91.9, ,76.6,*,0.02,G,999.9,10010
2011/8/17,33.7833333,115.7333333,40.3,bx,79.4,8,73.6,8,1005.8,8,1.1,4,5.2,8,2.9,8,5.8,999.9,83.1, ,76.3, ,0.12,G,999.9,10000
2011/8/18,33.7833333,115.7333333,40.3,bx,72.1,8,68.8,8,1008.9,8,4.2,4,4,8,5.1,8,7.8,999.9,78.8, ,67.8,*,0.04,G,999.9,10000
2011/8/19,33.7833333,115.7333333,40.3,bx,70.1,8,66.5,8,1011.5,8,6.8,4,7,8,3.4,8,5.8,999.9,72.5, ,67.8, ,0.01,G,999.9,10000
2011/8/20,33.7833333,115.7333333,40.3,bx,70.3,8,65.6,8,1012.9,8,8.2,4,8.2,8,3.2,8,5.8,999.9,73.2, ,68.4, ,0.02,G,999.9,10000
2011/8/21,33.7833333,115.7333333,40.3,bx,68.9,8,66,8,1010.8,8,6.3,4,7,8,2.7,8,3.9,999.9,71.6, ,66.6,*,0.81,G,999.9,10000
2011/8/22,33.7833333,115.7333333,40.3,bx,74,8,65.9,8,1010.9,8,6.3,4,7.7,8,2.4,8,3.9,999.9,81, ,66.4, ,0.8,G,999.9,0
2011/8/23,33.7833333,115.7333333,40.3,bx,73.2,8,65.3,8,1011.6,8,7,4,9.4,8,2.4,8,3.9,999.9,81.7, ,66,*,0,G,999.9,0
2011/8/24,33.7833333,115.7333333,40.3,bx,77.2,8,66.1,8,1011.5,8,7.1,4,10.3,8,2.7,8,5.8,999.9,87.1, ,65.8, ,0.11,G,999.9,0
2011/8/25,33.7833333,115.7333333,40.3,bx,77.3,8,65.8,8,1012.4,8,7.9,4,10.3,8,2.7,8,3.9,999.9,86, ,70, ,0,I,999.9,0
2011/8/26,33.7833333,115.7333333,40.3,bx,71.1,8,67.8,8,1012,8,7.8,4,8.2,8,3.2,8,3.9,999.9,73.4, ,69.8, ,0.26,G,999.9,10000
2011/8/27,33.7833333,115.7333333,40.3,bx,73.9,8,70.1,8,1009.7,8,5.2,4,8.1,8,3.4,8,3.9,999.9,79.5, ,70.5, ,0.41,G,999.9,10000
2011/8/28,33.7833333,115.7333333,40.3,bx,77.3,8,71.1,8,1008.9,8,4.5,4,7.1,8,2.9,8,5.8,999.9,85.6, ,72, ,0.1,G,999.9,0
2011/8/29,33.7833333,115.7333333,40.3,bx,79.9,8,71.1,8,1008.6,8,4.1,4,8.1,8,3.2,8,3.9,999.9,88.2, ,72.5, ,0,G,999.9,100000
2011/8/30,33.7833333,115.7333333,40.3,bx,79.1,8,70.1,8,1008.2,8,3.8,4,12.4,8,2.7,8,3.9,999.9,88.2, ,72.7, ,0,G,999.9,10000
2011/8/31,33.7833333,115.7333333,40.3,bx,81.4,8,68.6,8,1006.8,8,2.4,4,13.2,8,3.2,8,5.8,999.9,89.2, ,72.5, ,0,G,999.9,0
2011/9/1,33.7833333,115.7333333,40.3,bx,82,8,69.8,8,1007.5,8,3,4,12.2,8,3.2,8,5.8,999.9,90.1, ,73.2,*,0,I,999.9,0
2011/9/2,33.7833333,115.7333333,40.3,bx,77.1,8,69.2,8,1009.1,8,4.4,4,6.7,8,3.4,8,5.8,999.9,83.8, ,72, ,0,I,999.9,0
2011/9/3,33.7833333,115.7333333,40.3,bx,77.1,8,63,8,1011.5,8,6.9,4,9.6,8,3.4,8,5.8,999.9,85.3, ,69.1,*,0,I,999.9,0
2011/9/4,33.7833333,115.7333333,40.3,bx,72,8,66.3,8,1013.1,8,8.4,4,4.1,8,4.9,8,5.8,999.9,76.5, ,68.5,*,99.99, ,999.9,10000
2011/9/5,33.7833333,115.7333333,40.3,bx,70,8,65,8,1013.3,8,8.8,4,3.8,8,3.2,8,3.9,999.9,74.3, ,68.2, ,0.02,G,999.9,10000
2011/9/6,33.7833333,115.7333333,40.3,bx,69,8,63.9,8,1010.9,8,6.3,4,6.6,8,2.7,8,3.9,999.9,72.7, ,66.2,*,0.1,G,999.9,10000
2011/9/7,33.7833333,115.7333333,40.3,bx,63.5,8,59.8,8,1009.2,8,4.6,4,6.2,8,1.9,8,3.9,999.9,66.9, ,62.2,*,0.2,G,999.9,10000
2011/9/8,33.7833333,115.7333333,40.3,bx,66.3,8,61,8,1013.5,8,8.6,4,6.8,8,2.7,8,5.8,999.9,70, ,62.1, ,0.03,G,999.9,10000
2011/9/9,33.7833333,115.7333333,40.3,bx,68.4,8,63.1,8,1019.6,8,14.7,4,7.1,8,2.2,8,3.9,999.9,73.8, ,63.1, ,0,I,999.9,0
2011/9/10,33.7833333,115.7333333,40.3,bx,71,8,61.7,8,1019.2,8,14.7,4,9.4,8,3.9,8,5.8,999.9,81, ,62.8,*,0,G,999.9,10000
2011/9/11,33.7833333,115.7333333,40.3,bx,68.3,8,63.7,8,1017.1,8,12.7,4,4.8,8,2.9,8,3.9,999.9,74.3, ,62.1, ,0.34,G,999.9,10000
2011/9/12,33.7833333,115.7333333,40.3,bx,72,8,67,8,1013.8,8,9.2,4,5.7,8,3.4,8,5.8,999.9,76.8, ,67.6, ,0,G,999.9,10000
2011/9/13,33.7833333,115.7333333,40.3,bx,70.3,8,66.4,8,1011,8,6.6,4,5.4,8,3.4,8,5.8,999.9,75.2, ,67.3, ,0.02,G,999.9,110000
2011/9/14,33.7833333,115.7333333,40.3,bx,68,8,64.6,8,1009,8,4.3,4,5.5,8,3.2,8,3.9,999.9,71.2, ,66.6,*,0.08,G,999.9,110000
2011/9/15,33.7833333,115.7333333,40.3,bx,68.8,8,65.8,8,1009.5,8,5,4,7.5,8,2.9,8,3.9,999.9,71.1, ,66.4, ,0.02,G,999.9,10000
2011/9/16,33.7833333,115.7333333,40.3,bx,73.6,8,67.9,8,1008.9,8,4.4,4,7.8,8,2.4,8,3.9,999.9,78.3, ,67.8, ,0,G,999.9,10000
2011/9/17,33.7833333,115.7333333,40.3,bx,60.9,8,57.2,8,1016.1,8,10.8,4,8.2,8,6.1,8,7.8,999.9,72.5, ,58.8,*,0.26,G,999.9,10000
2011/9/18,33.7833333,115.7333333,40.3,bx,55.9,8,48.9,8,1023.9,8,18.8,4,9.6,8,5.6,8,9.7,999.9,60.8, ,49.3,*,0.23,G,999.9,10000
2011/9/19,33.7833333,115.7333333,40.3,bx,57.3,8,48.7,8,1022.7,8,18.2,4,11.7,8,2.7,8,3.9,999.9,66.7, ,49.1, ,0.07,G,999.9,10000
2011/9/20,33.7833333,115.7333333,40.3,bx,59,8,47.3,8,1019.6,8,15,4,12,8,2.2,8,3.9,999.9,71.2, ,50.4,*,0,G,999.9,0
2011/9/21,33.7833333,115.7333333,40.3,bx,63.3,8,46.6,8,1017.7,8,13.2,4,12.2,8,1.2,8,3.9,999.9,76.8, ,49.3, ,0,G,999.9,0
2011/9/22,33.7833333,115.7333333,40.3,bx,65.9,8,46.2,8,1017,8,12.4,4,12,8,1.7,8,3.9,999.9,80.6, ,54.7, ,0,I,999.9,0
2011/9/23,33.7833333,115.7333333,40.3,bx,67.5,8,47.8,8,1016.6,8,12.1,4,12.4,8,1.2,8,3.9,999.9,83.1, ,53.6, ,0,I,999.9,0
2011/9/24,33.7833333,115.7333333,40.3,bx,72.3,8,46.2,8,1017.5,8,12.8,4,11.3,8,2.7,8,3.9,999.9,83.3, ,55, ,0,I,999.9,0
2011/9/25,33.7833333,115.7333333,40.3,bx,70.9,8,48.1,8,1018.6,8,13.9,4,11.9,8,3.4,8,5.8,999.9,81.1, ,63, ,0,I,999.9,0
2011/9/26,33.7833333,115.7333333,40.3,bx,71.2,8,58.9,8,1017.1,8,12.7,4,10.5,8,3.4,8,5.8,999.9,78.6, ,61.3, ,0,I,999.9,0
2011/9/27,33.7833333,115.7333333,40.3,bx,69.1,8,63.6,8,1014.6,8,10.3,4,7.9,8,3.4,8,5.8,999.9,73.9, ,64.2,*,0.3,G,999.9,10000
2011/9/28,33.7833333,115.7333333,40.3,bx,61.8,8,59.1,8,1014.2,8,9.4,4,5.6,8,4.1,8,5.8,999.9,64.9, ,59.7,*,0.16,G,999.9,10000
2011/9/29,33.7833333,115.7333333,40.3,bx,63.6,8,59.6,8,1019.9,8,14.8,4,6.7,8,1.9,8,3.9,999.9,68.2, ,59.7, ,0,G,999.9,110000
2011/9/30,33.7833333,115.7333333,40.3,bx,66,8,55.5,8,1022.7,8,17.9,4,6.9,8,3.2,8,3.9,999.9,75.4, ,59.4, ,0,G,999.9,100000
2011/10/1,33.7833333,115.7333333,40.3,bx,66.1,8,53,8,1024.2,8,19.4,4,11.8,8,3.2,8,5.8,999.9,73.9, ,59.7, ,0,I,999.9,0
2011/10/2,33.7833333,115.7333333,40.3,bx,59,8,52.8,8,1028.8,8,23.9,4,7.5,8,3.2,8,7.8,999.9,69.3, ,54.5,*,0.02,G,999.9,0
2011/10/3,33.7833333,115.7333333,40.3,bx,61.3,8,43.8,8,1026.8,8,22.3,4,9.5,8,2.7,8,3.9,999.9,70.7, ,54.1, ,0,I,999.9,0
2011/10/4,33.7833333,115.7333333,40.3,bx,59.1,8,44.1,8,1022.1,8,17.7,4,10.3,8,2.2,8,3.9,999.9,65.8, ,53.8,*,0,I,999.9,0
2011/10/5,33.7833333,115.7333333,40.3,bx,64.4,8,50.1,8,1017.9,8,13.3,4,7.1,8,3.6,8,5.8,999.9,74.8, ,51.6, ,0,I,999.9,0
2011/10/6,33.7833333,115.7333333,40.3,bx,66.5,8,52.2,8,1018.6,8,13.8,4,7.1,8,1.5,8,1.9,999.9,82.8, ,56.7, ,0,I,999.9,0
2011/10/7,33.7833333,115.7333333,40.3,bx,70.2,8,48.3,8,1019,8,14.4,4,6.9,8,2.7,8,3.9,999.9,82, ,56.3, ,0,I,999.9,0
2011/10/8,33.7833333,115.7333333,40.3,bx,69.6,8,51,8,1018.3,8,14,4,6.4,8,3.6,8,3.9,999.9,80.4, ,59.4, ,0,I,999.9,0
2011/10/9,33.7833333,115.7333333,40.3,bx,71,8,56.1,8,1017.8,8,13,4,8.6,8,2.9,8,5.8,999.9,83.3, ,58.6, ,0,I,999.9,0
2011/10/10,33.7833333,115.7333333,40.3,bx,68.5,8,58.2,8,1021.9,8,17,4,7.6,8,3.4,8,3.9,999.9,77.4, ,61.9,*,0,G,999.9,0
2011/10/11,33.7833333,115.7333333,40.3,bx,67.1,8,57.2,8,1021.6,8,17.2,4,6.9,8,2.9,8,3.9,999.9,74.5, ,61,*,0.3,G,999.9,10000
2011/10/12,33.7833333,115.7333333,40.3,bx,57.5,8,53,8,1018.6,8,14.1,4,10,8,2.2,8,3.9,999.9,63.7, ,53.2,*,0.52,G,999.9,10000
2011/10/13,33.7833333,115.7333333,40.3,bx,59.9,8,55,8,1015.5,8,10.9,4,7.5,8,2.4,8,3.9,999.9,65.8, ,52.5, ,0.29,G,999.9,0
2011/10/14,33.7833333,115.7333333,40.3,bx,63.8,8,44.8,8,1015.3,8,10.5,4,13.4,8,3.4,8,5.8,999.9,75.6, ,52.5, ,0,G,999.9,0
2011/10/15,33.7833333,115.7333333,40.3,bx,61.4,8,39.4,8,1016.1,8,11.4,4,13.6,8,4.4,8,9.7,999.9,71.1, ,51.4,*,0,I,999.9,0
2011/10/16,33.7833333,115.7333333,40.3,bx,65.4,8,43,8,1016.9,8,12.3,4,12.6,8,2.9,8,3.9,999.9,79.2, ,51.3, ,0,I,999.9,0
2011/10/17,33.7833333,115.7333333,40.3,bx,65.9,8,47.2,8,1022.3,8,17.3,4,10.3,8,2.9,8,3.9,999.9,77.9, ,50.9, ,0,I,999.9,0
2011/10/18,33.7833333,115.7333333,40.3,bx,65.6,8,47.5,8,1024.1,8,19.6,4,10.1,8,4.4,8,5.8,999.9,76.3, ,56.3,*,0,I,999.9,0
2011/10/19,33.7833333,115.7333333,40.3,bx,63.9,8,45.1,8,1022.6,8,17.9,4,11.1,8,4.9,8,7.8,999.9,73.6, ,55.2, ,0,I,999.9,0
2011/10/20,33.7833333,115.7333333,40.3,bx,63.5,8,51.2,8,1020.2,8,15.5,4,11.3,8,3.2,8,5.8,999.9,70, ,57.2, ,0,I,999.9,0
2011/10/21,33.7833333,115.7333333,40.3,bx,64.2,8,55.7,8,1019.4,8,14.7,4,7.1,8,2.4,8,5.8,999.9,72.5, ,57.9,*,0,I,999.9,0
2011/10/22,33.7833333,115.7333333,40.3,bx,62.1,8,57.3,8,1017.5,8,13,4,4.7,8,2.9,8,3.9,999.9,66.7, ,55.8, ,0.19,G,999.9,110000
2011/10/23,33.7833333,115.7333333,40.3,bx,57.6,8,54.9,8,1018.6,8,13.3,4,5.2,8,3.9,8,11.7,999.9,61.2, ,51.6,*,0.61,G,999.9,10000
2011/10/24,33.7833333,115.7333333,40.3,bx,49.6,8,39,8,1028.9,8,23.6,4,11.3,8,4.6,8,7.8,999.9,56.7, ,43.2,*,0,G,999.9,0
2011/10/25,33.7833333,115.7333333,40.3,bx,51.1,8,36.8,8,1029.6,8,25.1,4,12.4,8,3.6,8,7.8,999.9,59.5, ,42.6, ,0,I,999.9,0
2011/10/26,33.7833333,115.7333333,40.3,bx,54.4,8,41.8,8,1025.9,8,21.1,4,10.7,8,2.9,8,7.8,999.9,61.9, ,45.9, ,0,I,999.9,0
2011/10/27,33.7833333,115.7333333,40.3,bx,55.3,8,45.4,8,1026.1,8,21.2,4,7.5,8,1,8,1.9,999.9,63, ,49.8,*,0,I,999.9,0
2011/10/28,33.7833333,115.7333333,40.3,bx,55.2,8,48,8,1025.2,8,20.5,4,6.8,8,1.5,8,1.9,999.9,57.7, ,49.3, ,0,G,999.9,10000
2011/10/29,33.7833333,115.7333333,40.3,bx,55.8,8,52,8,1023.2,8,18.4,4,5.3,8,1.9,8,3.9,999.9,56.8, ,53.1, ,0,G,999.9,10000
2011/10/30,33.7833333,115.7333333,40.3,bx,58.2,8,52.9,8,1023.5,8,18.7,4,7.8,8,3.2,8,5.8,999.9,61.9, ,55,*,0,G,999.9,0
2011/10/31,33.7833333,115.7333333,40.3,bx,59.9,8,44.9,8,1023.3,8,18.8,4,10.3,8,4.9,8,7.8,999.9,70.5, ,52,*,0,I,999.9,0
2011/11/1,33.7833333,115.7333333,40.3,bx,59.8,8,50,8,1023.6,8,18.9,4,7.8,8,2.2,8,3.9,999.9,68.2, ,51.3, ,0,I,999.9,0
2011/11/2,33.7833333,115.7333333,40.3,bx,62.8,8,54.7,8,1024,8,19.3,4,7.3,8,2.7,8,3.9,999.9,69.4, ,54.5, ,0,I,999.9,0
2011/11/3,33.7833333,115.7333333,40.3,bx,58.6,8,55.1,8,1022.7,8,18.2,4,6.4,8,3.4,8,5.8,999.9,61.7, ,57.2,*,0.13,G,999.9,10000
2011/11/4,33.7833333,115.7333333,40.3,bx,59,8,56.5,8,1021.3,8,16.9,4,3.4,8,3.4,8,3.9,999.9,61, ,57, ,0.41,G,999.9,10010
2011/11/5,33.7833333,115.7333333,40.3,bx,56.7,8,54.4,8,1022.4,8,17.4,4,4.3,8,4.1,8,5.8,999.9,58.6, ,54.3,*,0.3,G,999.9,10000
2011/11/6,33.7833333,115.7333333,40.3,bx,55,8,51.3,8,1024.8,8,20,4,5.3,8,4.4,8,5.8,999.9,56.7, ,53.4,*,0.3,G,999.9,10000
2011/11/7,33.7833333,115.7333333,40.3,bx,51.2,8,47,8,1026,8,21,4,8.9,8,4.4,8,5.8,999.9,54.5, ,49.5,*,0.24,G,999.9,10000
2011/11/8,33.7833333,115.7333333,40.3,bx,50.4,8,46.2,8,1027,8,22.1,4,7.3,8,3.4,8,3.9,999.9,53.8, ,46.8,*,0,G,999.9,0
2011/11/9,33.7833333,115.7333333,40.3,bx,48.7,8,43,8,1024.4,8,19.8,4,6.4,8,2.7,8,3.9,999.9,57.2, ,41.5,*,0,I,999.9,0
2011/11/10,33.7833333,115.7333333,40.3,bx,47.9,8,38.6,8,1021.3,8,16.6,4,9.5,8,1.2,8,3.9,999.9,59.5, ,39.9,*,0,I,999.9,0
2011/11/11,33.7833333,115.7333333,40.3,bx,54.3,8,41.7,8,1019.6,8,14.9,4,9.1,8,3.9,8,5.8,999.9,62.8, ,39, ,0,I,999.9,0
2011/11/12,33.7833333,115.7333333,40.3,bx,54.1,8,42,8,1022.5,8,17.5,4,10.3,8,2.4,8,5.8,999.9,64.2, ,48, ,0,I,999.9,0
2011/11/13,33.7833333,115.7333333,40.3,bx,53.1,8,40.6,8,1024.7,8,19.6,4,9.2,8,1.7,8,1.9,999.9,65.7, ,43.2,*,0,I,999.9,0
2011/11/14,33.7833333,115.7333333,40.3,bx,54,8,42.5,8,1026.2,8,21.5,4,9.1,8,3.2,8,3.9,999.9,63.7, ,42.8, ,0,I,999.9,0
2011/11/15,33.7833333,115.7333333,40.3,bx,53.8,8,48.2,8,1025.8,8,21.1,4,7.5,8,2.9,8,5.8,999.9,56.3, ,48.2, ,0.15,G,999.9,10000
2011/11/16,33.7833333,115.7333333,40.3,bx,56.6,8,53.1,8,1022.1,8,17.5,4,4.9,8,2.7,8,5.8,999.9,59.9, ,52.3, ,0.04,G,999.9,10000
2011/11/17,33.7833333,115.7333333,40.3,bx,57.6,8,54.7,8,1016.3,8,11.7,4,2.7,8,2.9,8,5.8,999.9,64, ,51.3,*,0.01,G,999.9,100000
2011/11/18,33.7833333,115.7333333,40.3,bx,51.8,8,47.5,8,1016.2,8,10.9,4,8.1,8,4.4,8,5.8,999.9,57.2, ,47.3,*,0.11,G,999.9,10000
2011/11/19,33.7833333,115.7333333,40.3,bx,47.5,8,36.8,8,1025.9,8,20.2,4,9.8,8,3.6,8,5.8,999.9,56.7, ,39.4,*,0,G,999.9,0
2011/11/20,33.7833333,115.7333333,40.3,bx,46.9,8,31,8,1031.2,8,26.3,4,13.6,8,4.6,8,5.8,999.9,54.1, ,38.7, ,0,I,999.9,0
2011/11/21,33.7833333,115.7333333,40.3,bx,49.4,8,38.2,8,1028.6,8,24.2,4,10.3,8,4.1,8,7.8,999.9,53.4, ,43.9, ,0.17,G,999.9,10000
2011/11/22,33.7833333,115.7333333,40.3,bx,48.5,8,41.4,8,1025.8,8,20.5,4,9.2,8,4.1,8,5.8,999.9,55.8, ,41.5,*,0.05,G,999.9,10000
2011/11/23,33.7833333,115.7333333,40.3,bx,40.6,8,18.7,8,1033.3,8,28.3,4,14.8,8,4.1,8,5.8,999.9,48.9, ,36.1,*,0,G,999.9,0
2011/11/24,33.7833333,115.7333333,40.3,bx,43.4,8,32.4,8,1026.7,8,22,4,10.6,8,3.6,8,5.8,999.9,48.9, ,35.6, ,0,I,999.9,0
2011/11/25,33.7833333,115.7333333,40.3,bx,46.6,8,38.1,8,1024.7,8,20.1,4,7.4,8,2.4,8,3.9,999.9,55.8, ,39.7,*,0,I,999.9,0
2011/11/26,33.7833333,115.7333333,40.3,bx,48.9,8,42.4,8,1020.7,8,15.9,4,5.4,8,2.2,8,3.9,999.9,58.5, ,38.5, ,0,I,999.9,0
2011/11/27,33.7833333,115.7333333,40.3,bx,48.7,8,39.4,8,1020.6,8,15.9,4,4.3,8,2.4,8,3.9,999.9,54.5, ,42.6, ,0,I,999.9,0
2011/11/28,33.7833333,115.7333333,40.3,bx,47.1,8,44.4,8,1021.7,8,16.7,4,1.9,8,4.6,8,7.8,999.9,49.1, ,46, ,1.28,G,999.9,10010
2011/11/29,33.7833333,115.7333333,40.3,bx,40.3,8,38.2,8,1026.3,8,20.7,4,7.7,8,7.8,8,11.7,999.9,46.9, ,33.4,*,1.59,G,999.9,11000
2011/11/30,33.7833333,115.7333333,40.3,bx,33.9,8,29,8,1035.6,8,30.2,4,10.6,8,6.3,8,7.8,999.9,39.4, ,28,*,0.01,G,999.9,1000
2011/12/1,33.7833333,115.7333333,40.3,bx,33.5,8,25.5,8,1031,8,26.6,4,10.1,8,2.7,8,5.8,999.9,40.6, ,27, ,0,G,999.9,0
2011/12/2,33.7833333,115.7333333,40.3,bx,36.3,8,30.5,8,1024,8,18.9,4,8.2,8,2.9,8,3.9,999.9,42.3, ,30,*,0,I,999.9,0
2011/12/3,33.7833333,115.7333333,40.3,bx,38.1,8,28.8,8,1027.9,8,22.8,4,10.3,8,1.7,8,1.9,999.9,46.8, ,29.1, ,0,I,999.9,0
2011/12/4,33.7833333,115.7333333,40.3,bx,40.2,8,32.5,8,1028.6,8,23.6,4,6.8,8,3.4,8,3.9,999.9,44.2, ,35.2, ,0,I,999.9,0
2011/12/5,33.7833333,115.7333333,40.3,bx,41.3,8,39.6,8,1028.1,8,23.1,4,1.5,8,3.6,8,3.9,999.9,43, ,38.1,*,0.54,G,999.9,110000
2011/12/6,33.7833333,115.7333333,40.3,bx,38.4,8,37.1,8,1030.2,8,25,4,2.1,8,4.4,8,5.8,999.9,39.7, ,37.2, ,0.22,G,999.9,110000
2011/12/7,33.7833333,115.7333333,40.3,bx,39.7,8,36.1,8,1032.1,8,26.8,4,6.3,8,6.3,8,9.7,999.9,43.5, ,35.4,*,0.02,G,999.9,10000
2011/12/8,33.7833333,115.7333333,40.3,bx,32.7,8,18.3,8,1039.6,8,34.2,4,11.7,8,5.1,8,7.8,999.9,40.6, ,25,*,0,I,999.9,0
2011/12/9,33.7833333,115.7333333,40.3,bx,28.1,7,16.3,7,1038.2,7,999.9,0,12.9,7,1.9,7,3.9,999.9,36.7, ,24.1,*,0,I,999.9,0
2011/12/10,33.7833333,115.7333333,40.3,bx,32.2,8,17.3,8,1033.9,8,29,4,14,8,3.2,8,5.8,999.9,41.2, ,25.2, ,0,I,999.9,0
2011/12/11,33.7833333,115.7333333,40.3,bx,37.9,8,19.9,8,1030.3,8,25.3,4,13.2,8,2.4,8,3.9,999.9,46.9, ,26.2, ,0,I,999.9,0
2011/12/12,33.7833333,115.7333333,40.3,bx,39.3,8,23.1,8,1029.5,8,24.5,4,13.2,8,2.4,8,3.9,999.9,50.5, ,32, ,0,I,999.9,0
2011/12/13,33.7833333,115.7333333,40.3,bx,38.3,8,25.8,8,1026.6,8,21.5,4,10.9,8,2.4,8,3.9,999.9,49.3, ,31.1,*,0,I,999.9,0
2011/12/14,33.7833333,115.7333333,40.3,bx,36.5,8,25.9,8,1032.2,8,26.4,4,7.9,8,4.6,8,7.8,999.9,47.1, ,28.9,*,0,I,999.9,0
2011/12/15,33.7833333,115.7333333,40.3,bx,32.7,8,12.6,8,1037.2,8,31.8,4,14,8,2.2,8,3.9,999.9,41.4, ,27.5, ,0,I,999.9,0
2011/12/16,33.7833333,115.7333333,40.3,bx,31.1,8,11.3,8,1038.9,8,33.9,4,13.2,8,2.7,8,3.9,999.9,39.4, ,25.3,*,0,I,999.9,0
2011/12/17,33.7833333,115.7333333,40.3,bx,33.5,8,15.1,8,1035.5,8,30.6,4,11.7,8,2.7,8,3.9,999.9,40.1, ,24.6, ,0,I,999.9,0
2011/12/18,33.7833333,115.7333333,40.3,bx,35.1,8,17.4,8,1033.2,8,28.3,4,11.6,8,2.7,8,3.9,999.9,43.5, ,28,*,0,I,999.9,0
2011/12/19,33.7833333,115.7333333,40.3,bx,35.5,8,22.9,8,1030.5,8,25.6,4,10.2,8,2.4,8,3.9,999.9,45.7, ,26.4, ,0,I,999.9,0
2011/12/20,33.7833333,115.7333333,40.3,bx,37.4,8,25.5,8,1029.1,8,24.1,4,5.5,8,3.2,8,3.9,999.9,45.9, ,27.5, ,0,I,999.9,0
2011/12/21,33.7833333,115.7333333,40.3,bx,34.4,8,25.7,8,1032.3,8,26.9,4,3.5,8,2.9,8,3.9,999.9,42.1, ,29.3,*,0,I,999.9,0
2011/12/22,33.7833333,115.7333333,40.3,bx,31.3,8,18.5,8,1033.3,8,28.5,4,7.2,8,1.7,8,3.9,999.9,40.5, ,24.6,*,0,I,999.9,0
2011/12/23,33.7833333,115.7333333,40.3,bx,32.5,8,17.5,8,1030.2,8,25.1,4,9.9,8,2.4,8,3.9,999.9,43.2, ,24.4, ,0,I,999.9,0
2011/12/24,33.7833333,115.7333333,40.3,bx,34,8,16.2,8,1031.3,8,26.2,4,12.9,8,2.2,8,5.8,999.9,46.8, ,24.4, ,0,I,999.9,0
2011/12/25,33.7833333,115.7333333,40.3,bx,35.1,8,19.5,8,1033.4,8,28,4,12.7,8,2.2,8,5.8,999.9,48.4, ,26.4, ,0,I,999.9,0
2011/12/26,33.7833333,115.7333333,40.3,bx,36.1,8,24.4,8,1034.8,8,29.7,4,7.5,8,3.9,8,5.8,999.9,43.2, ,27, ,0,I,999.9,0
2011/12/27,33.7833333,115.7333333,40.3,bx,37.5,8,30.2,8,1030.6,8,25.6,4,9.8,8,2.7,8,5.8,999.9,46.9, ,28.8,*,0,I,999.9,0
2011/12/28,33.7833333,115.7333333,40.3,bx,39,8,31.6,8,1030.8,8,25.6,4,8.3,8,1.7,8,3.9,999.9,49.5, ,28.2, ,0,I,999.9,0
2011/12/29,33.7833333,115.7333333,40.3,bx,37.6,8,30.3,8,1035,8,29.8,4,5.7,8,3.2,8,3.9,999.9,43, ,34.2, ,0,I,999.9,0
2011/12/30,33.7833333,115.7333333,40.3,bx,36.4,8,26.8,8,1033.6,8,29.1,4,9.2,8,3.2,8,3.9,999.9,41.9, ,32.2,*,0,I,999.9,0
2011/12/31,33.7833333,115.7333333,40.3,bx,35.5,8,30.5,8,1029.6,8,24.3,4,4.6,8,3.4,8,5.8,999.9,44.2, ,29.8,*,0,I,999.9,100000