序号,学校名称,教师总数_________人。,班级总数___________个。,学生总数___________人。,道德与法治教师人数：___________。,道德与法治教师名单：___________。（提示：用“、”隔开）,语文教师人数：___________。,语文教师名单：___________。（提示：用“、”隔开）,数学教师人数：___________。,数学教师名单：___________。（提示：用“、”隔开）,英语教师人数：___________。,英语教师名单：___________。（提示：用“、”隔开）,科学教师人数：___________。,科学教师名单：___________。（提示：用“、”隔开）,信息科技教师人数：___________。,信息科技教师名单：___________。（提示：用“、”隔开）,综合实践活动教师人数：___________。,综合实践活动教师名单：___________。（提示：用“、”隔开）,劳动教师人数：___________。,劳动教师名单：___________。（提示：用“、”隔开）,心理健康教师人数：___________。,心理健康教师名单：___________。（提示：用“、”隔开）,音乐教师人数：___________。,音乐教师名单：___________。（提示：用“、”隔开）,美术教师人数：___________。,美术教师名单：___________。（提示：用“、”隔开）,体育教师人数：___________。,体育教师名单：___________。（提示：用“、”隔开）,地方课程教师人数：___________。,地方课程教师名单：___________。（提示：用“、”隔开）,校本课程教师人数：___________。,校本课程教师名单：___________。（提示：用“、”隔开）,（附件3）2025年-2026学年各学校（在编和聘任）各学科任教教师人数及学生人数统计表（Excel版）,（附件3）2025年-2026学年各学校（在编和聘任）各学科任教教师人数及学生人数统计表（盖章签字扫描后的pdf版）
1,学校1,105,43,2138,4,教师1、教师2、教师3、教师4,34,教师348、教师349、教师350、教师351、教师352、教师353、教师354、教师355、教师356、教师357、教师358、教师359、教师360、教师361、教师362、教师363、教师364、教师365、教师366、教师367、教师368、教师369、教师370、教师371、教师372、教师373、教师374、教师375、教师376、教师377、教师378、教师379、教师380、教师381,29,教师1924、教师1925、教师1926、教师1927、教师1928、教师1929、教师1930、教师1931、教师1932、教师1933、教师1934、教师1935、教师1936、教师1937、教师1938、教师1939、教师1940、教师1823、教师1941、教师1942、教师1943、教师1944、教师1945、教师1946、教师1947、教师1948、教师1949、教师1950、教师1951,8,教师3068、教师3069、教师3070、教师3071、教师3072、教师3073、教师3074、教师3075,5,教师3368、教师3369、教师3370、教师3371、教师128,2,教师3580、教师3581,2,教师3690、教师3691,2,教师3757、教师3758,2,教师3809、教师3810,5,教师3871、教师3872、教师2895、教师3873、教师3874,4,教师4082、教师4083、教师4084、教师4085,7,教师1832、教师117、教师4291、教师4292、教师4293、教师4294、教师4295,0,教师347,1,教师4705,,
2,学校2,110,38,1963,8,教师5、教师6、教师7、教师8、教师9、教师10、教师11、教师12,37,教师382、教师383、教师384、教师385、教师386、教师387、教师388、教师389、教师390、教师391、教师392、教师393、教师394、教师395、教师396、教师397、教师398、教师399、教师400、教师401、教师402、教师403、教师404、教师405、教师406、教师407、教师408、教师409、教师410、教师411、教师412、教师413、教师414、教师415、教师416、教师417、教师418,26,教师1952、教师40、教师1953、教师1954、教师1955、教师1956、教师1957、教师1958、教师1959、教师1960、教师1961、教师1962、教师1544、教师128、教师1963、教师1964、教师1965、教师1966、教师1967、教师1968、教师1969、教师1970、教师1971、教师1972、教师1973、教师1974,6,教师3076、教师3077、教师3078、教师3079、教师3080、教师3081,7,教师3372、教师1986、教师3373、教师3374、教师3375、教师3376、教师3377,2,教师3582、教师3583,2,教师3692、教师3693,0,教师347,0,教师347,5,教师428、教师3875、教师3876、教师3877、教师3878,7,教师3135、教师2631、教师4086、教师4087、教师4088、教师4089、教师4090,9,教师4296、教师1405、教师4297、教师3195、教师4298、教师4299、教师4300、教师4301、教师4302,1,教师4630,0,教师347,,
3,学校3,157,65,3331,12,教师13、教师14、教师15、教师16、教师17、教师18、教师19、教师20、教师21、教师22、教师23、教师24,41,教师419、教师420、教师421、教师422、教师423、教师424、教师425、教师426、教师427、教师428、教师429、教师430、教师431、教师432、教师433、教师434、教师435、教师436、教师437、教师438、教师439、教师440、教师441、教师442、教师443、教师444、教师445、教师446、教师223、教师447、教师448、教师449、教师450、教师451、教师452、教师453、教师454、教师455、教师456、教师457、教师458,42,教师1975、教师1976、教师1977、教师1978、教师1979、教师1980、教师1981、教师1982、教师1983、教师1984、教师1985、教师1986、教师1987、教师1988、教师1989、教师1990、教师1991、教师1992、教师1993、教师1994、教师1200、教师1995、教师1996、教师1997、教师1998、教师1999、教师2000、教师2001、教师2002、教师2003、教师2004、教师2005、教师2006、教师2007、教师2008、教师2009、教师2010、教师2011、教师2012、教师2013、教师2014、教师2015,11,教师3082、教师3083、教师3084、教师3085、教师3086、教师3087、教师3088、教师3089、教师3090、教师3091、教师3092,6,教师3378、教师3379、教师3380、教师3381、教师3382、教师3383,5,教师3584、教师3585、教师3586、教师3587、教师3588,1,教师3694,1,教师3759,6,教师611、教师3811、教师3812、教师3813、教师3814、教师3815,6,教师3879、教师3880、教师3881、教师1269、教师3882、教师3883,7,教师4091、教师4092、教师4093、教师4094、教师4095、教师1064、教师4096,15,教师4303、教师4304、教师4305、教师4306、教师4307、教师4308、教师4309、教师4310、教师4311、教师4312、教师4313、教师4314、教师4315、教师4316、教师4317,1,教师4631,3,教师4706、教师4707、教师4708,,
4,学校4,86,29,1458,10,教师25、教师26、教师27、教师28、教师29、教师30、教师31、教师32、教师33、教师34,23,教师459、教师460、教师461、教师462、教师457、教师463、教师464、教师465、教师466、教师467、教师468、教师469、教师470、教师471、教师472、教师473、教师474、教师475、教师476、教师477、教师478、教师479、教师480,18,教师2016、教师2017、教师2018、教师2019、教师2020、教师2021、教师2022、教师2023、教师2024、教师2025、教师542、教师2026、教师2027、教师2028、教师2029、教师2030、教师2031、教师2032,2,教师3093、教师3094,7,教师3384、教师3385、教师3386、教师3387、教师3388、教师3389、教师3390,5,教师3589、教师3590、教师3591、教师3592、教师3593,0,教师347,1,教师3760,1,教师3816,4,教师3884、教师3885、教师3886、教师3887,4,教师4097、教师4098、教师4099、教师4100,8,教师4318、教师4319、教师4320、教师3417、教师4321、教师564、教师4322、教师3528,3,教师4632、教师4633、教师2210,0,教师347,,
5,学校5,118,46,2212,5,教师35、教师36、教师37、教师38、教师39、教师40,29,教师481、教师482、教师483、教师484、教师485、教师486、教师487、教师488、教师489、教师490、教师491、教师492、教师225、教师493、教师494、教师495、教师496、教师497、教师498、教师499、教师500、教师501、教师502、教师503、教师504、教师505、教师506、教师507、教师508,27,教师2033、教师2034、教师2035、教师2036、教师2037、教师2038、教师2039、教师2040、教师1550、教师2041、教师2042、教师2043、教师2044、教师2045、教师2046、教师2047、教师2048、教师2049、教师2050、教师2051、教师2052、教师2053、教师2054、教师2055、教师2056、教师2057、教师2058,7,教师3095、教师3096、教师3097、教师3098、教师3099、教师1361、教师3100,7,教师3391、教师3392、教师3393、教师3394、教师3395、教师3396、教师3397,3,教师3594、教师3345、教师3595,7,教师3695、教师3696、教师3697、教师3698、教师452、教师3699、教师3700,3,教师3761、教师3762、教师3763,4,教师3817、教师3818、教师3819、教师40,6,教师3888、教师3889、教师3890、教师3891、教师3892、教师3893,6,教师2662、教师4101、教师4102、教师4103、教师4104,11,教师4323、教师4324、教师4325、教师4326、教师4327、教师4328、教师4329、教师4330、教师4331、教师1254、教师4332,1,教师4634,2,教师4709、教师4710,,
6,学校6,91,49,2371,5,教师41、教师42、教师43、教师44、教师45,32,教师509、教师510、教师511、教师512、教师513、教师514、教师515、教师516、教师517、教师518、教师519、教师520、教师521、教师522、教师523、教师524、教师525、教师526、教师527、教师528、教师529、教师530、教师531、教师532、教师533、教师534、教师535、教师536、教师537、教师538、教师539、教师346,18,教师2059、教师2060、教师2061、教师128、教师2062、教师2063、教师1948、教师2064、教师2065、教师2066、教师2067、教师2068、教师2069、教师2070、教师2071、教师2072、教师2073、教师2074,4,教师3101、教师3102、教师3103、教师3104,5,教师3398、教师3399、教师3400、教师3401、教师3402,1,教师3596,1,教师3701,1,教师3764,1,教师3820,6,教师3244、教师585、教师3894、教师3895、教师1753、教师3896,6,教师4105、教师4106、教师4107、教师4108、教师4109、教师4110,7,教师4333、教师4334、教师4335、教师4336、教师4337、教师4338、教师4339,3,教师3289、教师4635、教师4636,1,教师4711,,
7,学校7,137,51,2484,11,教师46、教师47、教师48、教师49、教师50、教师51、教师52、教师53、教师54、教师55、教师56,36,教师540、教师541、教师542、教师543、教师544、教师545、教师546、教师547、教师548、教师549、教师550、教师551、教师552、教师553、教师554、教师555、教师556、教师557、教师111、教师558、教师559、教师560、教师561、教师562、教师563、教师564、教师565、教师566、教师567、教师568、教师569、教师570、教师571、教师572、教师573、教师574,32,教师2075、教师2076、教师2077、教师2078、教师2079、教师2080、教师2081、教师2082、教师2083、教师387、教师2084、教师2085、教师2086、教师2087、教师2088、教师2089、教师2090、教师2091、教师2092、教师564、教师2093、教师2094、教师2095、教师2096、教师2097、教师2098、教师2099、教师2100、教师2101、教师2102、教师2103、教师2104,9,教师3105、教师3106、教师3107、教师1116、教师3108、教师3109、教师3110、教师3111、教师1472,8,教师3403、教师3404、教师3405、教师3406、教师3407、教师3408、教师3409、教师3410,4,教师3597、教师3598、教师3599、教师3600,2,教师3702、教师3703,3,教师3765、教师3766、教师3767,3,教师3821、教师3822、教师3823,8,教师21、教师3897、教师3314、教师3898、教师3899、教师3900、教师3901、教师3902,8,教师4111、教师4112、教师4113、教师4114、教师110、教师4115、教师4116、教师4117,11,教师4340、教师4341、教师4342、教师4343、教师4344、教师4345、教师4346、教师4347、教师4348,2,教师4637、教师4638,0,教师347,,
8,学校8,126,44,2255,11,教师57、教师58、教师59、教师60、教师61、教师62、教师63、教师64、教师65、教师66、教师67,47,教师575、教师576、教师577、教师578、教师579、教师580、教师581、教师582、教师583、教师584、教师585、教师586、教师587、教师588、教师589、教师590、教师591、教师592、教师593、教师594、教师595、教师596、教师597、教师598、教师599、教师600、教师601、教师602、教师603、教师604、教师605、教师606、教师607、教师608、教师609、教师610、教师611、教师612、教师613、教师614、教师615、教师616、教师617、教师618、教师619、教师620、教师621,28,教师2105、教师1955、教师364、教师2106、教师2107、教师2108、教师2109、教师2110、教师2111、教师2112、教师2113、教师2114、教师2115、教师2116、教师2117、教师2118、教师2119、教师2120、教师2121、教师2122、教师2123、教师2124、教师2125、教师2126、教师293、教师2127、教师2128、教师2129,5,教师1597、教师731、教师3112、教师3113、教师3114,5,教师3411、教师3412、教师3413、教师3414、教师900,2,教师3601、教师3602,0,教师3704,1,教师3768,1,教师397,7,教师3903、教师3904、教师3905、教师3906、教师3893、教师276、教师3907,7,教师4118、教师4119、教师4120、教师4121、教师4122、教师4123、教师4124,11,教师4349、教师4350、教师4351、教师4352、教师4353、教师4354、教师4355、教师4356、教师4251、教师4357、教师4358,1,教师4639,0,教师3704,,
9,学校9,75,33,1591,6,教师68、教师69、教师70、教师71、教师72、教师73,26,教师622、教师623、教师624、教师478、教师625、教师626、教师627、教师628、教师629、教师630、教师631、教师632、教师633、教师634、教师635、教师636、教师637、教师638、教师639、教师640、教师641、教师642、教师643、教师644、教师645、教师646,18,教师2130、教师2131、教师2132、教师2133、教师2134、教师2135、教师1511、教师2136、教师2137、教师2138、教师2139、教师634、教师2140、教师2141、教师2142、教师2143、教师2144、教师2145,4,教师3115、教师3116、教师3117、教师3118,1,教师3415,1,教师3603,1,教师3705,0,教师347,0,教师347,4,教师3841、教师3908、教师3909、教师3910,5,教师4125、教师4126、教师4127、教师4128、教师4129,8,教师4359、教师4360、教师4361、教师111、教师4362、教师4363、教师4364、教师4365,1,教师4640,0,教师347,"=DISPIMG(""ID_DE7C6F8820BB46C5871B9EC7ED4397CC"",1)",
10,学校10,134,53,2722,2,教师74、教师75,42,教师647、教师648、教师649、教师650、教师651、教师652、教师653、教师654、教师655、教师656、教师657、教师658、教师659、教师660、教师661、教师662、教师663、教师664、教师665、教师666、教师667、教师668、教师669、教师670、教师671、教师672、教师673、教师674、教师675、教师676、教师677、教师678、教师679、教师680、教师681、教师682、教师683、教师684、教师685、教师686、教师687、教师688,37,教师2146、教师2147、教师2148、教师2149、教师1431、教师2150、教师2151、教师2152、教师2153、教师2154、教师2155、教师2156、教师2157、教师2158、教师2159、教师2160、教师2161、教师2162、教师2163、教师2164、教师2165、教师2166、教师2167、教师2168、教师2169、教师2170、教师2171、教师2172、教师2173、教师2174、教师2175、教师2176、教师2177、教师2178、教师2179、教师2180、教师2181,8,教师3119、教师3120、教师3121、教师3122、教师3123、教师5、教师3124、教师3125,5,教师3416、教师3417、教师3418、教师3419、教师3420,2,教师3604、教师3605,3,教师3706、教师3707、教师3708,4,教师3769、教师3770、教师3771、教师3772,3,教师3824、教师3825、教师3826,5,教师3911、教师3912、教师3913、教师3914、教师3915,6,教师4130、教师4131、教师4132、教师4133、教师4134、教师4135,11,教师4366、教师4367、教师4368、教师4369、教师4370、教师4371、教师4372、教师4373、教师4374、教师4375、教师4376,5,教师4641、教师4642、教师1148、教师4643、教师4644,1,教师309,,
11,学校11,72,29,1391,2,教师76、教师77,27,教师689、教师690、教师691、教师692、教师693、教师694、教师695、教师696、教师697、教师698、教师699、教师700、教师701、教师702、教师703、教师704、教师705、教师706、教师707、教师708、教师709、教师710、教师711、教师712、教师713、教师714、教师715,21,教师2182、教师2183、教师2184、教师2185、教师2186、教师2187、教师2188、教师2189、教师2190、教师2191、教师2192、教师2193、教师930、教师2194、教师457、教师2195、教师2196、教师2197、教师2198、教师2199、教师2200,4,教师1102、教师3126、教师3127、教师3128,3,教师929、教师3421、教师3422,2,教师3606、教师3607,0,教师3709,0,教师347,0,教师347,4,教师1361、教师3916、教师3917、教师2788,4,教师4136、教师4137、教师4138、教师4139,4,教师4377、教师4378、教师4379、教师4380,1,教师4645,0,教师347,,
12,学校12,116,42,2080,13,教师78、教师79、教师80、教师81、教师82、教师83、教师84、教师85、教师86、教师87、教师88、教师89、教师90,39,教师716、教师717、教师718、教师719、教师720、教师721、教师722、教师723、教师724、教师725、教师726、教师727、教师728、教师611、教师729、教师730、教师731、教师732、教师733、教师734、教师552、教师735、教师736、教师737、教师738、教师739、教师740、教师741、教师742、教师743、教师744、教师745、教师746、教师747、教师748、教师749、教师750、教师751、教师752,28,教师2201、教师2202、教师2203、教师2204、教师2205、教师2206、教师2207、教师2208、教师2209、教师2210、教师2211、教师2212、教师2213、教师2214、教师2215、教师2216、教师2217、教师2218、教师2219、教师2220、教师2221、教师2222、教师2223、教师2224、教师2225、教师2226、教师2227、教师2228,6,教师3129、教师3130、教师3131、教师3132、教师3133、教师3134,6,教师3423、教师3424、教师3425、教师3426、教师3427、教师1279,2,教师3608、教师3609,1,教师3710,0,教师347,1,教师3827,5,教师3918、教师3919、教师3920、教师3921、教师2864,6,教师4140、教师4141、教师1572、教师4142、教师159、教师4143,6,教师2984、教师4381、教师4382、教师4383、教师4384、教师4385,0,教师347,3,教师4712、教师4713、教师4714,,
13,学校13,82,33,1501,8,教师91、教师92、教师93、教师94、教师95、教师96、教师97、教师98,32,教师753、教师754、教师755、教师756、教师757、教师758、教师759、教师760、教师761、教师762、教师763、教师764、教师765、教师766、教师767、教师768、教师769、教师770、教师771、教师492、教师772、教师773、教师774、教师775、教师776、教师777、教师778、教师779、教师780、教师781、教师782、教师783,20,教师2229、教师602、教师2230、教师2231、教师2232、教师2233、教师2234、教师2235、教师2236、教师2237、教师2238、教师2239、教师2240、教师2241、教师2242、教师2243、教师2244、教师2245、教师2246、教师2247,6,教师3135、教师3136、教师3137、教师3138、教师3139、教师3140,3,教师1597、教师3428、教师3429,1,教师3610,0,教师347,0,教师347,0,教师347,4,教师3922、教师3923、教师3924、教师3925,3,教师4144、教师4145、教师4146,5,教师4386、教师602、教师4387、教师4388、教师4389,0,教师347,0,教师347,,
14,学校14,153,59,3065,10,教师99、教师100、教师101、教师102、教师103、教师104、教师105、教师106、教师107、教师108,55,教师784、教师785、教师786、教师668、教师787、教师788、教师789、教师790、教师791、教师792、教师793、教师794、教师795、教师796、教师797、教师798、教师799、教师800、教师801、教师802、教师803、教师804、教师805、教师806、教师807、教师808、教师809、教师810、教师811、教师812、教师813、教师814、教师815、教师299、教师816、教师817、教师818、教师819、教师820、教师821、教师822、教师823、教师824、教师825、教师826、教师827、教师828、教师829、教师830、教师831、教师832、教师833、教师834、教师835、教师836,30,教师2248、教师2249、教师2250、教师2251、教师2252、教师2253、教师2254、教师2255、教师2256、教师2257、教师2258、教师2259、教师2260、教师2261、教师2262、教师232、教师2263、教师2264、教师2265、教师1536、教师2266、教师2267、教师2268、教师2269、教师2270、教师2271、教师2272、教师2273、教师2274、教师2275,7,教师3141、教师3142、教师3143、教师3144、教师3145、教师3146、教师3147,6,教师3430、教师3431、教师2610、教师3432、教师2767、教师413,4,教师3611、教师2120、教师3612、教师3613,6,教师3711、教师3712、教师3713、教师3714、教师3715、教师3716,1,教师3773,4,教师3828、教师3829、教师3830、教师3831,5,教师1326、教师3926、教师3927、教师1256、教师3928,8,教师4147、教师4148、教师4149、教师4150、教师4151、教师4152、教师3204、教师4153,12,教师4390、教师4391、教师4392、教师4393、教师4135、教师4394、教师4395、教师4396、教师4397、教师2529、教师4398、教师4399,3,教师4646、教师1949、教师4647,2,教师4715、教师4716,,
15,学校15,81,35,1550,7,教师109、教师110、教师111、教师112、教师113、教师114、教师115,29,教师837、教师838、教师839、教师840、教师841、教师842、教师843、教师844、教师845、教师846、教师847、教师848、教师205、教师849、教师850、教师851、教师852、教师853、教师854、教师855、教师856、教师857、教师858、教师452、教师859、教师860、教师861、教师862、教师863,20,教师2276、教师2277、教师2278、教师1530、教师2279、教师2280、教师2281、教师2282、教师2283、教师2284、教师2285、教师2286、教师2287、教师2288、教师2289、教师2290、教师2291、教师1313、教师2292、教师2293,4,教师3148、教师3149、教师3150、教师3151,6,教师3433、教师3434、教师3435、教师3436、教师3437、教师3438,3,教师3614、教师3615、教师3616,0,教师347,0,教师347,1,教师3832,4,教师3929、教师3930、教师3931、教师3932,3,教师4154、教师4155、教师4156,4,教师4400、教师740、教师4401、教师4402,0,教师347,0,教师347,,
16,学校16,79,31,1518,4,教师116、教师117、教师118、教师119,29,教师864、教师865、教师866、教师867、教师868、教师869、教师870、教师871、教师872、教师873、教师874、教师875、教师876、教师877、教师878、教师879、教师880、教师881、教师882、教师883、教师884、教师885、教师886、教师887、教师888、教师889、教师890,22,教师1042、教师2294、教师2295、教师2296、教师2297、教师2298、教师2299、教师2300、教师2301、教师2302、教师2303、教师2304、教师2305、教师2306、教师2307、教师2308、教师2309、教师2310、教师2311、教师2312、教师2313、教师2314,5,教师3152、教师3153、教师3154、教师3155、教师2895,3,教师16、教师3439、教师3440,1,教师3617,1,教师3717,1,教师3774,0,教师347,4,教师3933、教师3934、教师3935、教师3936,3,教师4157、教师4158、教师4159,4,教师4403、教师4404、教师4405、教师4406,1,教师4648,1,教师4717,,
17,学校17,108,46,2178,7,教师120、教师121、教师122、教师123、教师124、教师125、教师126,34,教师891、教师892、教师893、教师894、教师895、教师896、教师897、教师898、教师899、教师900、教师901、教师902、教师903、教师904、教师905、教师906、教师907、教师908、教师909、教师910、教师578、教师911、教师912、教师913、教师914、教师915、教师916、教师917、教师918、教师919、教师920、教师921、教师922、教师923,32,教师2315、教师2316、教师2317、教师2318、教师2319、教师2320、教师2321、教师2322、教师2323、教师2324、教师2325、教师2326、教师2327、教师2328、教师2329、教师2330、教师2331、教师2332、教师2333、教师2334、教师2335、教师564、教师2336、教师2337、教师1042、教师2338、教师2339、教师2340、教师2341、教师2342、教师1624、教师2343,6,教师3156、教师3157、教师3158、教师3159、教师3160、教师3161,3,教师3441、教师3442、教师3443,4,教师3618、教师3619、教师3620、教师162,0,教师347,1,教师3775,1,教师3833,7,教师3937、教师3938、教师3939、教师3940、教师3941、教师3942、教师2859,6,教师4160、教师4161、教师4162、教师4163、教师4164、教师4165,5,教师4407、教师4408、教师4409、教师4410、教师4411,1,教师4649,1,教师4718,,
18,学校18,65,21,1030,7,教师127、教师128、教师129、教师130、教师131、教师132、教师133,15,教师924、教师925、教师926、教师927、教师928、教师929、教师930、教师931、教师932、教师933、教师934、教师935、教师625、教师936、教师937,19,教师2344、教师2345、教师2346、教师2347、教师2348、教师2349、教师2350、教师2351、教师2352、教师2353、教师2354、教师2355、教师2356、教师2357、教师2358、教师1390、教师2359、教师2360、教师2361,2,教师3162、教师3163,3,教师3444、教师3445、教师3446,1,教师3621,3,教师3718、教师3719、教师3720,1,教师3776,2,教师2402、教师3834,3,教师2073、教师3943、教师3944,1,教师4166,6,教师4412、教师4413、教师4414、教师4415、教师2571、教师4416,2,教师2089、教师4650,0,教师347,,
19,学校19,93,37,1734,9,教师134、教师135、教师136、教师137、教师138、教师139、教师140、教师141、教师142,34,教师938、教师939、教师940、教师941、教师942、教师943、教师944、教师945、教师946、教师947、教师948、教师949、教师950、教师951、教师952、教师953、教师954、教师955、教师956、教师957、教师958、教师959、教师960、教师961、教师962、教师450、教师963、教师668、教师964、教师965、教师966、教师967、教师968、教师969,21,教师2362、教师2363、教师2364、教师2365、教师2366、教师2161、教师2367、教师2368、教师2369、教师2370、教师2371、教师2372、教师2373、教师2374、教师2375、教师2376、教师2377、教师2378、教师2379、教师757、教师2380,3,教师3164、教师3165、教师3166,4,教师3447、教师3103、教师3448、教师3449,3,教师3622、教师3623、教师3624,1,教师3721,1,教师3777,2,教师3835、教师1038,3,教师3945、教师3124、教师3946,2,教师4167、教师4168,6,教师4417、教师4418、教师4419、教师4420、教师4421、教师4422,2,教师4651、教师4652,2,教师4719、教师4720,,
20,学校20,102,44,2269,7,教师143、教师144、教师145、教师146、教师147、教师148、教师149,34,教师970、教师971、教师900、教师972、教师973、教师974、教师975、教师976、教师977、教师978、教师979、教师585、教师980、教师981、教师982、教师983、教师984、教师985、教师986、教师987、教师988、教师585、教师989、教师990、教师991、教师992、教师993、教师994、教师995、教师996、教师997、教师998、教师999、教师1000,25,教师2381、教师2382、教师2383、教师2384、教师2385、教师2386、教师2387、教师2388、教师2389、教师452、教师2390、教师2391、教师2392、教师2393、教师2394、教师2395、教师2396、教师2397、教师2398、教师2399、教师2400、教师2401、教师2402、教师2403、教师2404,4,教师3167、教师3095、教师3168、教师3169,4,教师3450、教师3451、教师3452、教师3453,5,教师3625、教师1949、教师3626、教师3627、教师3628,2,教师3722、教师3723,2,教师1018、教师3778,3,教师3836、教师3837、教师3838,4,教师3947、教师3948、教师1602、教师3949,3,教师4169、教师4170、教师4171,6,教师4423、教师4424、教师4425、教师4426、教师4427、教师4428,3,教师4653、教师4654、教师3841,0,教师347,,
21,学校21,63,22,1076,5,教师150、教师151、教师152、教师153、教师154,23,教师1001、教师1002、教师1003、教师1004、教师1005、教师1006、教师1007、教师1008、教师1009、教师1010、教师1011、教师1012、教师1013、教师1014、教师1015、教师1016、教师1017、教师1018、教师1019、教师1020、教师1021、教师1022,14,教师2405、教师2406、教师2407、教师2408、教师2409、教师1080、教师2410、教师1778、教师539、教师2411、教师2412、教师2413、教师2414、教师2415,4,教师3170、教师3171、教师3172、教师3173,1,教师3454,1,教师3629,0,教师3704,1,教师611,0,教师3704,5,教师3950、教师3951、教师3952、教师3953、教师3954,2,教师4172、教师4173,6,教师4429、教师4430、教师4431、教师4432、教师4433、教师4434,1,教师3704、教师4655,0,教师3704,,"=DISPIMG(""ID_672321E6D5E64C74AF808D7C8A0758C6"",1)"
22,学校22,49,23,1008,5,教师155、教师156、教师157、教师158、教师159,13,教师1023、教师1024、教师1025、教师1026、教师1027、教师1028、教师1029、教师1030、教师1031、教师1032、教师1033、教师1034、教师1035,11,教师2416、教师2417、教师2418、教师2419、教师2420、教师2421、教师2422、教师2423、教师2424、教师2425、教师2426,5,教师3174、教师3175、教师3176、教师3177、教师3178,1,教师3455,2,教师3630、教师3631,1,教师3724,0,教师3704,1,教师3839,1,教师3955,1,教师4174,5,教师4435、教师4436、教师4437、教师4438、教师4439,1,教师4656,2,教师4721、教师111,,
23,学校23,107,42,2116,5,教师160、教师161、教师162、教师163、教师164,40,教师1036、教师1037、教师1038、教师1039、教师1040、教师1041、教师1042、教师1043、教师1044、教师1045、教师1046、教师1047、教师1048、教师1049、教师1050、教师1051、教师1052、教师1053、教师1054、教师923、教师1055、教师1056、教师1057、教师1058、教师1059、教师1060、教师1061、教师1062、教师1063、教师1064、教师1065、教师1066、教师1067、教师1068、教师1069、教师1070、教师1071、教师1072、教师1073、教师1074,23,教师2427、教师2428、教师513、教师2429、教师2430、教师2431、教师5、教师2432、教师2433、教师2434、教师101、教师2435、教师2436、教师2437、教师2438、教师2439、教师2440、教师2441、教师2442、教师661、教师2443、教师2444、教师2445,8,教师3179、教师3180、教师3181、教师888、教师3182、教师3183、教师3184、教师2787,7,教师3456、教师3457、教师3458、教师3459、教师3460、教师3461、教师3462,2,教师3632、教师3633,0,教师347,0,教师347,0,教师347,6,教师3956、教师3957、教师3958、教师3959、教师3960、教师3961,6,教师4175、教师4176、教师4177、教师4178、教师4179、教师4180,8,教师4440、教师4441、教师4442、教师4443、教师4444、教师1173、教师4445、教师1102,1,教师4657,1,教师4722,,
24,学校24,12,3,120,2,教师165、教师166,3,教师1075、教师1076、教师1077,3,教师2446、教师2447、教师2448,2,教师3185、教师3186,0,教师347,0,教师347,0,教师347,0,教师347,0,教师347,1,教师3962,1,教师4181,0,教师347,0,教师347,0,教师347,,
26,学校25,144,53,2718,13,教师167、教师168、教师169、教师170、教师171、教师172、教师173、教师174、教师175、教师176、教师177、教师178、教师179,43,教师1078、教师1079、教师1080、教师1081、教师1082、教师1083、教师1084、教师1085、教师1086、教师1087、教师1088、教师1089、教师1090、教师1091、教师1092、教师1093、教师1094、教师1095、教师1096、教师1097、教师1098、教师1099、教师1100、教师1101、教师1102、教师1103、教师1104、教师1105、教师1106、教师1107、教师1108、教师1109、教师1110、教师1111、教师1112、教师1113、教师1114、教师1115、教师1116、教师1117、教师1118、教师1119,33,教师2449、教师2450、教师2451、教师2452、教师2453、教师2454、教师2455、教师2456、教师2457、教师2458、教师2459、教师1431、教师2460、教师2461、教师2462、教师2463、教师2464、教师2465、教师2466、教师2467、教师2468、教师2469、教师2470、教师2471、教师706、教师2472、教师2473、教师2474、教师2475、教师2476、教师2477、教师2478,10,教师3187、教师3188、教师3189、教师3190、教师3191、教师3192、教师3193、教师3194、教师3195、教师3196,5,教师3463、教师3464、教师3465、教师321、教师3466,2,教师3634、教师1472,0,教师347,2,教师3779、教师3780,3,教师3840、教师3841、教师3842,7,教师3963、教师3964、教师1209、教师3965、教师3966、教师3967、教师3968,9,教师4182、教师4183、教师4184、教师4185、教师4186、教师4187、教师4188、教师538、教师1023,13,教师2066、教师387、教师276、教师4446、教师4447、教师4448、教师4449、教师4450、教师4451、教师4452、教师1841、教师4453、教师4454,4,教师4658、教师4659、教师4660、教师4661,0,教师347,,
27,学校26,166,66,3325,7,教师180、教师181、教师182、教师183、教师184、教师185、教师186,67,教师1120、教师1121、教师419、教师1122、教师1123、教师1124、教师1125、教师1126、教师1127、教师1128、教师1129、教师1130、教师1131、教师1132、教师1133、教师1134、教师1135、教师1136、教师1137、教师1138、教师1139、教师1140、教师1141、教师1142、教师1143、教师1144、教师40、教师1145、教师1146、教师1147、教师1148、教师1149、教师1150、教师1151、教师1152、教师1153、教师1154、教师1155、教师1021、教师1156、教师1157、教师1158、教师1159、教师1160、教师1161、教师1162、教师1163、教师1164、教师1165、教师1166、教师1167、教师1168、教师346、教师1169、教师1170、教师1171、教师1172、教师1173、教师335、教师128、教师1174、教师1175、教师1176、教师1177、教师1178、教师1179、教师1180,39,教师1116、教师132、教师2479、教师2480、教师2481、教师2482、教师2483、教师2484、教师2485、教师2486、教师2487、教师2488、教师2489、教师2490、教师2491、教师2492、教师2493、教师2494、教师2495、教师2496、教师2497、教师2498、教师2499、教师2500、教师2501、教师2502、教师2503、教师2504、教师2505、教师2506、教师2507、教师2508、教师2509、教师2510、教师2511、教师2512、教师2513、教师2514、教师2515,10,教师3197、教师3198、教师3199、教师3200、教师3201、教师3202、教师3203、教师3204、教师3205、教师3206,8,教师3467、教师3468、教师3469、教师3470、教师3471、教师3472、教师3473、教师3474,5,教师3635、教师2586、教师3636、教师3637、教师3638,2,教师3725、教师3726,2,教师3781、教师3782,2,教师3843、教师3844,6,教师3969、教师668、教师680、教师3970、教师3971、教师3972,7,教师4189、教师4190、教师4191、教师4192、教师4193、教师4194、教师4195,11,教师101、教师4455、教师4456、教师4457、教师4458、教师4459、教师4460、教师4461、教师4462、教师2483、教师1536,0,教师347,0,教师347,,
28,学校27,85,31,1462,5,教师187、教师188、教师189、教师190、教师191,28,教师1181、教师1182、教师1183、教师1184、教师1185、教师1186、教师1187、教师1188、教师1189、教师1190、教师1191、教师1192、教师1193、教师1194、教师1195、教师1196、教师1197、教师1198、教师1199、教师1200、教师1201、教师1202、教师1203、教师1204、教师1205、教师1206、教师1207、教师1208,17,教师2516、教师2517、教师2518、教师2519、教师2520、教师2521、教师2522、教师2523、教师2524、教师2525、教师2526、教师2527、教师1096、教师2528、教师2529、教师2530、教师2531,4,教师3207、教师3208、教师3209、教师3210,4,教师2809、教师3475、教师3476、教师3477,2,教师3639、教师3640,1,教师3727,1,教师3783,1,教师3845,4,教师3973、教师3974、教师3975、教师3976,3,教师4196、教师4197、教师4198,8,教师4463、教师4464、教师4465、教师4466、教师4467、教师4468、教师4469、教师4470,4,教师4662、教师4663、教师4664、教师4665,3,教师4723、教师4724、教师4725,,
29,学校28,47,19,809,1,教师192,14,教师1209、教师1210、教师1211、教师1212、教师1213、教师1214、教师834、教师1215、教师1216、教师1217、教师1218、教师1219、教师1220、教师1221,13,教师2532、教师2533、教师2534、教师2535、教师2536、教师2537、教师2538、教师2539、教师2540、教师2541、教师2542、教师2543、教师2544,3,教师3211、教师3212、教师3213,3,教师3478、教师3479、教师3480,2,教师3641、教师3642,1,教师3728,0,教师347,1,教师3846,4,教师2864、教师3977、教师3978、教师3979,2,教师4199、教师4200,3,教师4471、教师4472、教师4473,0,教师347,0,教师347,,
30,学校29,107,51,2558,7,教师193、教师194、教师195、教师196、教师197、教师198、教师199,33,教师1222、教师1223、教师1224、教师1225、教师1226、教师1227、教师1228、教师1229、教师1230、教师1231、教师1232、教师1233、教师1234、教师247、教师1235、教师1236、教师1237、教师1238、教师1239、教师1240、教师1241、教师1242、教师1243、教师1244、教师1245、教师1246、教师1247、教师1248、教师1249、教师1250、教师1251、教师1252、教师1253,25,教师2545、教师2546、教师2547、教师2548、教师877、教师2549、教师2550、教师2551、教师364、教师2552、教师2553、教师40、教师2554、教师2555、教师2556、教师2557、教师2558、教师2559、教师2560、教师2561、教师2562、教师2563、教师2564、教师2565、教师2566,8,教师2560、教师3214、教师3215、教师261、教师3216、教师3217、教师3218、教师3219,3,教师3481、教师3482、教师3483,2,教师3643、教师3644,3,教师3729、教师3730、教师3731,2,教师3784、教师3785,2,教师3847、教师3848,3,教师3980、教师3981、教师1724,6,教师4201、教师4202、教师4203、教师4204、教师4205、教师4206,10,教师4474、教师4475、教师4476、教师4477、教师4478、教师4479、教师4480、教师4481、教师630、教师4482,1,教师4666,2,教师3124、教师4726,,
31,学校30,68,33,1608,7,教师200、教师201、教师202、教师203、教师204、教师205、教师206,18,教师1254、教师1255、教师1256、教师1257、教师1258、教师1259、教师1260、教师1261、教师1262、教师1263、教师1264、教师1265、教师1266、教师764、教师1267、教师1268、教师1269,15,教师2567、教师2568、教师2569、教师2570、教师2571、教师2572、教师2573、教师2574、教师2575、教师2576、教师2577、教师2578、教师2579,5,教师3220、教师3221、教师3222、教师3223、教师3224,4,教师2191、教师3484、教师3485、教师3486,3,教师3645、教师3646、教师3647,0,教师3704,1,教师3786,1,教师3849,3,教师3982、教师3983、教师3984,4,教师4207、教师4208、教师4209、教师4210,6,教师4483、教师4484、教师4485、教师4486、教师4487、教师4488,1,教师4667,0,教师3704,,
32,学校31,89,29,1477,5,教师207、教师208、教师209、教师7、教师210,32,教师1270、教师1271、教师1272、教师1273、教师1274、教师1275、教师1276、教师1277、教师1278、教师1279、教师1280、教师1281、教师1282、教师1283、教师1284、教师1285、教师1286、教师1287、教师1069、教师1288、教师1289、教师1290、教师1291、教师1292、教师1293、教师1294、教师1295、教师1296、教师1297、教师1298、教师1299,19,教师2580、教师2581、教师2582、教师2583、教师2584、教师2585、教师2586、教师1518、教师2587、教师2588、教师2589、教师2590、教师2591、教师2592、教师2593、教师2594、教师2595、教师2596、教师2597,6,教师3225、教师3226、教师419、教师3227、教师3228、教师3229,5,教师3487、教师3488、教师3489、教师3490、教师3491,2,教师3648、教师2732,1,教师3732,1,教师3787,0,教师347,5,教师3985、教师3986、教师3987、教师3988、教师3989,4,教师3417、教师4211、教师4212、教师4213,6,教师4489、教师4490、教师4491、教师4492、教师4493、教师4494,0,教师347,3,教师4727、教师159、教师4728,,"=DISPIMG(""ID_764C194437A94C79911D51979A588C0B"",1)"
33,学校32,132,50,2468,8,教师211、教师128、教师212、教师213、教师214、教师215、教师216、教师217,44,教师1300、教师1301、教师1302、教师1303、教师1304、教师1305、教师1306、教师1307、教师1308、教师1309、教师1310、教师1311、教师1312、教师1313、教师1314、教师1315、教师1316、教师1317、教师1318、教师1319、教师1047、教师1320、教师1321、教师1322、教师1323、教师1324、教师1325、教师1326、教师1327、教师1328、教师1329、教师577、教师1330、教师1331、教师1332、教师1333、教师1334、教师1335、教师1336、教师1337、教师1338、教师1339、教师1340、教师1341,31,教师2598、教师2599、教师2600、教师2601、教师2602、教师2603、教师2604、教师2605、教师2606、教师2607、教师2608、教师2609、教师2610、教师2611、教师2612、教师2613、教师2614、教师2615、教师2616、教师2617、教师460、教师2618、教师2619、教师2620、教师1622、教师2621、教师2622、教师2623、教师2624、教师2625、教师2626,7,教师419、教师3230、教师3231、教师3232、教师3233、教师3234、教师3235,5,教师3492、教师3493、教师3494、教师3495、教师3496,3,教师3649、教师3650、教师3651,3,教师3733、教师3734、教师3735,3,教师3788、教师1018、教师3789,2,教师680、教师3850,5,教师3990、教师3991、教师3992、教师3993、教师3994,6,教师4214、教师4215、教师4216、教师202、教师1753、教师2792,11,教师4495、教师4496、教师4497、教师4498、教师4499、教师4500、教师4501、教师4502、教师1209、教师4503、教师4504,3,教师634、教师556、教师4668,1,教师4729,,
34,学校33,88,34,1626,11,教师218、教师219、教师220、教师221、教师222、教师223、教师224、教师225、教师226、教师227、教师228,22,教师1342、教师1343、教师1344、教师1345、教师1346、教师1347、教师1348、教师1349、教师1350、教师1351、教师1352、教师1353、教师1354、教师1355、教师1356、教师1357、教师1358、教师1359、教师1360、教师1361、教师1362、教师1363,17,教师2627、教师2628、教师2319、教师630、教师2629、教师2630、教师2631、教师2632、教师2633、教师2634、教师2635、教师2636、教师2637、教师2638、教师2639、教师2640、教师2641,2,教师3236、教师3237,8,教师630、教师3497、教师3498、教师3499、教师3500、教师3501、教师3502、教师3503,2,教师3652、教师3653,0,教师347,4,教师3790、教师13、教师2165、教师3791,4,教师3851、教师3852、教师3853、教师3854,3,教师3995、教师3996、教师3997,6,教师4217、教师4218、教师4219、教师4220、教师900、教师4221,7,教师4505、教师4506、教师3482、教师4507、教师4508、教师4509、教师4510,1,教师4669,1,教师4730,,
35,学校34,65,24,1144,7,教师229、教师230、教师231、教师232、教师233、教师234、教师235,12,教师1364、教师1365、教师1366、教师1367、教师1368、教师1369、教师988、教师1370、教师79、教师1371、教师1372、教师1373,14,教师2642、教师2643、教师2644、教师2645、教师2646、教师2647、教师2648、教师2649、教师2650、教师2651、教师2652、教师2653、教师2654、教师2655,5,教师3238、教师3239、教师3240、教师3241、教师3242,4,教师3504、教师3505、教师3506、教师3507,2,教师3654、教师3655,0,教师347,4,教师3792、教师3793、教师3794、教师3795,1,教师3855,5,教师3998、教师3999、教师4000、教师4001、教师4002,5,教师4222、教师4223、教师4224、教师4225、教师4226,3,教师4511、教师4512、教师4513,1,教师4670,2,教师4731、教师4732,,
36,学校35,96,39,1953,5,教师236、教师237、教师238、教师239、教师240,38,教师1374、教师1375、教师1376、教师1377、教师197、教师1378、教师1379、教师1380、教师1381、教师1382、教师1077、教师1383、教师577、教师1384、教师1385、教师1386、教师1387、教师1388、教师1389、教师1390、教师1391、教师1392、教师1393、教师1394、教师1395、教师1396、教师128、教师1397、教师1398、教师1399、教师1400、教师1401、教师1402、教师1403、教师1404、教师1405、教师1406,22,教师2656、教师2657、教师2658、教师2659、教师2660、教师2661、教师2662、教师2663、教师2664、教师2665、教师2666、教师2667、教师2668、教师2669、教师2670、教师695、教师2671、教师2672、教师2673、教师2674、教师2675,6,教师3243、教师3244、教师3245、教师3246、教师3247、教师3248,5,教师3508、教师3509、教师3510、教师3511、教师3512,2,教师3656、教师3657,0,教师347,0,教师347,1,教师3856,5,教师4003、教师261、教师4004、教师4005、教师4006,6,教师2855、教师4227、教师4228、教师4229、教师4230、教师4231,6,教师4514、教师4515、教师4516、教师4517、教师4518、教师4519,0,教师347,0,教师347,,
37,学校36,73,27,1361,5,教师241、教师242、教师243、教师244、教师245,22,教师1407、教师1408、教师1409、教师1410、教师1411、教师1412、教师1413、教师1414、教师1415、教师1416、教师1417、教师1418、教师1419、教师1420、教师1421、教师1422、教师1423、教师1424、教师1425、教师1426、教师1427、教师1428、教师1429,19,教师2676、教师2677、教师2678、教师2679、教师2680、教师2681、教师2682、教师2683、教师2684、教师2685、教师2686、教师2687、教师2688、教师2689、教师2690、教师2691、教师2692、教师2693、教师2694,5,教师3249、教师3250、教师3251、教师3252、教师3253,5,教师3513、教师3514、教师3515、教师3516、教师3517,3,教师2732、教师3658、教师3659,0,教师347,0,教师347,2,教师2361、教师3857,3,教师4007、教师4008、教师4009,2,教师4232、教师4233,6,教师2074、教师4520、教师4521、教师4522、教师4523、教师4524,1,教师4671,0,教师347,,
38,学校37,71,11,485,3,教师246、教师247、教师248,24,教师1430、教师1431、教师1432、教师1433、教师1434、教师1435、教师1436、教师1437、教师1438、教师1439、教师549、教师1440、教师1441、教师1442、教师1443、教师1444、教师1445、教师1446、教师1447、教师1448、教师1449、教师1450、教师1451、教师1452,16,教师2695、教师2696、教师2697、教师2698、教师1326、教师2699、教师2700、教师2701、教师2702、教师2703、教师2704、教师2705、教师2706、教师2707、教师2708、教师1889,6,教师3254、教师1159、教师1472、教师2616、教师3255、教师3256,2,教师3518、教师3519,2,教师848、教师3660,2,教师3736、教师3737,1,教师3796,1,教师215,5,教师2767、教师4010、教师4011、教师4012、教师4013,3,教师4234、教师4235、教师4236,5,教师4525、教师4526、教师4527、教师4528、教师4529,0,教师347,1,教师4733,,"=DISPIMG(""ID_51E1430A74AE44DB80F9D06098D04950"",1)"
39,学校38,49,19,473,5,教师249、教师250、教师251、教师252、教师253,13,教师1453、教师1454、教师364、教师1279、教师1455、教师1456、教师1457、教师1458、教师1459、教师1460、教师1461、教师1462、教师1463,13,教师2709、教师2710、教师2711、教师2712、教师500、教师2713、教师2714、教师2715、教师2716、教师2717、教师2718、教师2719、教师2720,4,教师3257、教师3258、教师3259、教师3260,3,教师3520、教师3521、教师3522,0,教师347,0,教师347,1,教师3797,3,教师1563、教师3858、教师3859,1,教师428,0,教师347,4,教师4530、教师4531、教师4532、教师4533,2,教师4672、教师4673,0,教师347,,
40,学校39,120,44,1283,10,教师254、教师255、教师256、教师257、教师258、教师259、教师260、教师261、教师262、教师263,38,教师1464、教师1465、教师1466、教师1467、教师1468、教师1469、教师1470、教师1471、教师1472、教师1473、教师1474、教师1475、教师1476、教师1477、教师1478、教师1479、教师1480、教师1481、教师1482、教师1483、教师1484、教师1485、教师1486、教师1487、教师1488、教师1489、教师1490、教师1491、教师1492、教师1493、教师1494、教师1495、教师1496、教师577、教师1497、教师1498、教师83、教师1499,35,教师2721、教师2722、教师2723、教师2724、教师2725、教师160、教师2726、教师2727、教师2728、教师2729、教师2730、教师2731、教师2732、教师2733、教师2734、教师2735、教师2736、教师2737、教师2738、教师2739、教师2740、教师2741、教师2742、教师2743、教师2744、教师2745、教师2746、教师2747、教师2748、教师2749、教师2750、教师2751、教师2752、教师2753、教师2754,11,教师3261、教师3262、教师3263、教师3264、教师464、教师3265、教师3266、教师3267、教师3268、教师3269、教师3270,4,教师3523、教师3524、教师3525、教师2139,2,教师3661、教师3662,0,教师347,1,教师3798,0,教师347,6,教师4014、教师4015、教师4016、教师4017、教师492、教师4018,3,教师1254、教师4237、教师4238,6,教师4534、教师4535、教师4536、教师4537、教师4538、教师4539,4,教师4674、教师4675、教师4676、教师4677,0,教师347,,
41,学校40,138,45,1509,5,教师264、教师265、教师229、教师266、教师5,45,教师1500、教师1501、教师1502、教师1503、教师1504、教师1505、教师1506、教师1507、教师1508、教师1509、教师1510、教师1511、教师1512、教师1513、教师1514、教师1515、教师1516、教师1517、教师1518、教师1519、教师1520、教师1521、教师1269、教师1522、教师1523、教师1524、教师1525、教师1526、教师1527、教师1528、教师1529、教师1530、教师1531、教师1532、教师1533、教师1534、教师1535、教师1536、教师1537、教师1538、教师1539、教师44、教师1540、教师1541、教师1542,32,教师2755、教师2756、教师2757、教师2758、教师2759、教师2760、教师2761、教师2762、教师2763、教师2764、教师2765、教师2766、教师2767、教师2768、教师2769、教师853、教师40、教师2770、教师2771、教师2772、教师2773、教师2774、教师2775、教师2776、教师2777、教师2778、教师2779、教师619、教师2780、教师2781、教师2782、教师2783,10,教师3271、教师3272、教师3273、教师3274、教师3275、教师3276、教师3277、教师3278、教师3279、教师3280,6,教师3526、教师3527、教师3528、教师3529、教师3530、教师3531,3,教师3663、教师3664、教师3665,1,教师3738,3,教师3799、教师3800、教师3801,2,教师3860、教师3861,8,教师757、教师4019、教师4020、教师4021、教师4022、教师1449、教师4023、教师4024,5,教师4239、教师4240、教师4241、教师4242、教师4243,11,教师4540、教师4541、教师4542、教师4543、教师4544、教师4545、教师4546、教师4547、教师4548、教师4549、教师4550,4,教师4678、教师4679、教师4680、教师4681,3,教师4734、教师4735、教师4736,,
42,学校41,124,45,1701,8,教师267、教师268、教师269、教师270、教师271、教师272、教师273、教师274,48,教师1543、教师1544、教师1545、教师1546、教师1547、教师1548、教师1549、教师1550、教师1551、教师1552、教师1553、教师1554、教师1555、教师1556、教师1557、教师1558、教师1559、教师1560、教师1561、教师1562、教师1563、教师1564、教师1565、教师1566、教师1567、教师1568、教师1569、教师1570、教师1571、教师1572、教师1573、教师1574、教师1575、教师1576、教师1577、教师1578、教师1579、教师1580、教师1581、教师1582、教师1583、教师1584、教师1585、教师1586、教师1587、教师1588、教师1589、教师1590,28,教师2784、教师2785、教师2786、教师2787、教师2788、教师2789、教师2790、教师2791、教师2792、教师2793、教师2794、教师2795、教师2796、教师2797、教师2798、教师2799、教师2800、教师2801、教师2802、教师2803、教师124、教师2804、教师2805、教师2806、教师2807、教师2808、教师2809、教师2810,12,教师3281、教师3282、教师3207、教师3283、教师3284、教师1102、教师3285、教师3286、教师3287、教师834、教师3288、教师3289,4,教师3532、教师3533、教师3534、教师3535,1,教师3666,0,教师3704,0,教师3704,0,教师3704,5,教师4025、教师4026、教师4027、教师4028、教师4029,6,教师4244、教师4245、教师4246、教师4247、教师4248、教师1541,12,教师4551、教师4552、教师4553、教师4554、教师4555、教师4556、教师4557、教师4558、教师4559、教师4560、教师4561、教师4562,0,教师3704,0,教师3704,,
43,学校42,82,24,888,4,教师275、教师276、教师277、教师278,32,教师1591、教师1592、教师848、教师1593、教师1594、教师1595、教师1596、教师1597、教师1598、教师1404、教师1599、教师1600、教师1601、教师1602、教师1603、教师1287、教师1604、教师1605、教师1606、教师1607、教师1608、教师1609、教师1610、教师1611、教师1612、教师1613、教师1614、教师1615、教师1616、教师1617、教师1618、教师1619,22,教师2811、教师2812、教师2813、教师585、教师1778、教师2814、教师2815、教师2816、教师2817、教师2818、教师2130、教师2819、教师1983、教师2820、教师2821、教师2822、教师2823、教师2824、教师2151、教师2825、教师2826、教师2827,4,教师3290、教师3291、教师3292、教师3293,3,教师3536、教师3537、教师3538,2,教师3667、教师3668,0,教师347,1,教师3802,0,教师347,7,教师4030、教师4031、教师4032、教师4033、教师4034、教师4035、教师4036,4,教师4249、教师4250、教师4251、教师4252,3,教师4563、教师4564、教师4565,0,教师347,0,教师347,,
44,学校43,158,48,1411,16,教师279、教师280、教师281、教师282、教师283、教师284、教师285、教师286、教师287、教师288、教师289、教师290、教师291、教师292、教师293、教师294,49,教师24、教师1620、教师1621、教师1622、教师1623、教师1624、教师1625、教师1626、教师1627、教师1628、教师1629、教师1630、教师1631、教师1632、教师1633、教师1634、教师1635、教师605、教师1636、教师1637、教师1638、教师1639、教师1640、教师1641、教师1642、教师1643、教师1644、教师1645、教师695、教师1646、教师1647、教师1648、教师1649、教师794、教师1650、教师1651、教师1652、教师1653、教师1654、教师1655、教师1656、教师1657、教师1658、教师16、教师1659、教师1660、教师1661、教师1662、教师1663,38,教师2828、教师2829、教师2830、教师2831、教师2832、教师2284、教师2833、教师2834、教师2835、教师2836、教师2837、教师2838、教师2839、教师2840、教师2841、教师2842、教师2843、教师2844、教师2845、教师2846、教师2847、教师2848、教师2849、教师2850、教师812、教师2851、教师2852、教师2853、教师2854、教师2855、教师2856、教师2857、教师2858、教师2859、教师2860、教师2409、教师444、教师2861,12,教师3294、教师3295、教师3296、教师3297、教师3298、教师3299、教师3300、教师3301、教师3302、教师3303、教师3304、教师3305,7,教师3539、教师3540、教师3541、教师3542、教师3543、教师3544、教师3545,4,教师3669、教师3670、教师3671、教师3672,2,教师3739、教师3740,1,教师3803,2,教师3862、教师3863,8,教师4037、教师4038、教师4039、教师4040、教师2949、教师4041、教师4042、教师4043,5,教师4253、教师4254、教师4255、教师4256、教师1093,12,教师4566、教师4567、教师2895、教师4568、教师4569、教师4570、教师4571、教师4572、教师4573、教师4574、教师4575、教师4576,1,教师4682,1,教师4737,,
45,学校44,88,35,782,5,教师295、教师296、教师297、教师298、教师299,26,教师853、教师1664、教师1665、教师1666、教师1667、教师1668、教师1669、教师1670、教师1671、教师478、教师1672、教师1673、教师1674、教师1675、教师1676、教师1677、教师1678、教师1679、教师1680、教师1681、教师1682、教师1683、教师1684、教师1685、教师1686、教师1687,25,教师2862、教师2863、教师2864、教师2865、教师2866、教师2867、教师2868、教师2869、教师2870、教师2871、教师2872、教师2873、教师2874、教师2875、教师2876、教师2877、教师2878、教师2379、教师2879、教师2880、教师2881、教师2882、教师2883、教师2884、教师2885,8,教师3306、教师3307、教师3308、教师3309、教师3310、教师3311、教师3312、教师3313,2,教师3546、教师3547,5,教师3673、教师3674、教师3675、教师1254、教师3676,0,教师347,0,教师347,0,教师347,3,教师4044、教师4045、教师4046,4,教师4257、教师4258、教师761、教师4259,8,教师4577、教师4578、教师4579、教师4580、教师4581、教师4302、教师4582、教师4583,1,教师4683,1,教师4738,,"=DISPIMG(""ID_78FBF29DD0B74538BAF7A32361F4AB07"",1)"
46,学校45,118,45,1777,4,教师300、教师301、教师302、教师303,36,教师1688、教师1689、教师1690、教师1691、教师1692、教师1693、教师1694、教师978、教师1695、教师1696、教师1697、教师1698、教师1699、教师1700、教师1701、教师1702、教师1703、教师1704、教师982、教师1705、教师1706、教师1707、教师1708、教师1709、教师1710、教师1711、教师1712、教师1713、教师1714、教师1715、教师1716、教师1717、教师99、教师1718、教师1350、教师1719,25,教师2886、教师2887、教师2888、教师2889、教师2890、教师1949、教师2891、教师2892、教师2893、教师2894、教师2895、教师2896、教师2897、教师2898、教师2899、教师2900、教师2901、教师2902、教师2903、教师2904、教师2905、教师2906、教师2907、教师2859、教师2908,12,教师3314、教师3315、教师2895、教师3316、教师3317、教师3318、教师3319、教师3320、教师3321、教师3322、教师3323、教师3324,2,教师3548、教师3549,1,教师3677,0,教师347,2,教师3804、教师3805,4,教师3864、教师3865、教师3866、教师3867,9,教师4047、教师3135、教师4048、教师4049、教师4050、教师4051、教师4052、教师4053、教师4054,10,教师4260、教师4261、教师4262、教师4263、教师4264、教师4265、教师4266、教师4267、教师4268、教师943,9,教师4584、教师4585、教师4586、教师4587、教师4588、教师4589、教师4590、教师4591、教师4592,4,教师4684、教师2866、教师4685、教师4686,0,教师347,,
47,学校46,154,53,1622,6,教师304、教师305、教师306、教师307、教师308、教师309,62,教师1720、教师1721、教师1722、教师474、教师1723、教师1672、教师1724、教师1725、教师1218、教师1726、教师1727、教师1728、教师1729、教师1730、教师1731、教师1732、教师1733、教师1734、教师1735、教师1736、教师1737、教师1738、教师1739、教师1740、教师1741、教师1742、教师1743、教师1744、教师1745、教师1746、教师1747、教师1748、教师1749、教师1750、教师1751、教师1752、教师1753、教师927、教师1754、教师1755、教师1756、教师1757、教师1758、教师1759、教师1760、教师1761、教师1762、教师1763、教师1764、教师1765、教师1766、教师967、教师1767、教师1768、教师1769、教师1770、教师1771、教师1772、教师1773、教师1774、教师1775、教师223,36,教师2909、教师2910、教师2911、教师2912、教师2913、教师2914、教师2915、教师2916、教师2917、教师2918、教师2919、教师2920、教师2921、教师2922、教师2923、教师2924、教师2925、教师2926、教师2927、教师2928、教师2929、教师128、教师2930、教师2931、教师2932、教师2933、教师2934、教师2935、教师2936、教师2937、教师2938、教师2939、教师2940、教师2895、教师44、教师2941,8,教师3325、教师3326、教师3327、教师3328、教师3329、教师3330、教师3331、教师3332,3,教师3550、教师2161、教师3551,6,教师3678、教师3679、教师3680、教师3681、教师3682、教师3683,1,教师3741,0,教师347,0,教师347,5,教师4055、教师4056、教师4057、教师4058、教师4059,6,教师4269、教师4270、教师4271、教师4272、教师4273、教师4274,12,教师4593、教师4594、教师4595、教师4596、教师4597、教师4598、教师4599、教师4600、教师4601、教师4602、教师4603、教师4604,8,教师4687、教师4688、教师4689、教师4690、教师4691、教师4692、教师4693、教师4694,1,教师4739,,
48,学校47,120,48,1422,9,教师310、教师311、教师312、教师313、教师314、教师315、教师316、教师317、教师318,35,教师1776、教师1777、教师1778、教师1779、教师1780、教师1781、教师1782、教师1783、教师1784、教师1785、教师1786、教师1787、教师1788、教师1789、教师1790、教师1791、教师1792、教师1793、教师1794、教师1795、教师1796、教师1797、教师1798、教师1799、教师1800、教师1801、教师1802、教师1803、教师1804、教师1805、教师1806、教师1807、教师1808、教师1809、教师1810,41,教师2942、教师2943、教师2944、教师706、教师2945、教师2946、教师2947、教师2948、教师24、教师2949、教师2950、教师2951、教师2952、教师2953、教师2954、教师2955、教师128、教师2956、教师2957、教师1402、教师2958、教师2959、教师2960、教师2961、教师2962、教师2963、教师2964、教师2965、教师2966、教师2967、教师2968、教师2969、教师2970、教师2971、教师2972、教师2973、教师2974、教师2975、教师2976、教师2977、教师2978,10,教师3333、教师3334、教师3335、教师3336、教师3337、教师3338、教师3339、教师933、教师3340、教师3341,6,教师3552、教师3553、教师3554、教师3555、教师3556、教师2732,2,教师3684、教师3685,0,教师3704,1,教师3806,0,教师3704,4,教师4060、教师4061、教师4062、教师4063,5,教师4275、教师4276、教师4277、教师4278、教师4279,5,教师4605、教师4606、教师4607、教师4608、教师4609,2,教师4695、教师4696,0,教师3704,,
49,学校48,124,45,1455,11,教师319、教师320、教师321、教师322、教师323、教师324、教师325、教师326、教师327、教师328、教师329,37,教师706、教师1811、教师1812、教师1813、教师1814、教师1815、教师1816、教师1817、教师1818、教师1819、教师1820、教师1821、教师1822、教师1823、教师1824、教师1825、教师1826、教师1827、教师903、教师1828、教师1829、教师1830、教师1831、教师1832、教师1833、教师1834、教师1835、教师1836、教师1837、教师1838、教师1839、教师1397、教师1840、教师1841、教师1842、教师1843,24,教师2979、教师2980、教师2981、教师2982、教师2983、教师2984、教师2985、教师2986、教师2987、教师2988、教师2989、教师2990、教师2991、教师2992、教师2993、教师2994、教师2995、教师2996、教师2997、教师2998、教师2999、教师3000、教师3001、教师3002,8,教师3342、教师3343、教师3344、教师3345、教师3346、教师3347、教师3348、教师3349,11,教师3557、教师3558、教师3559、教师3560、教师3561、教师3562、教师3563、教师3564、教师3565、教师3566、教师3567,2,教师128、教师3686,3,教师513、教师3742、教师3743,1,教师3807,1,教师3868,5,教师4064、教师4065、教师4066、教师4067、教师4068,5,教师4280、教师4281、教师4282、教师4283、教师4284,7,教师4610、教师4611、教师4612、教师4613、教师4614、教师4615、教师4616,7,教师4697、教师4698、教师4699、教师4700、教师4701、教师1084、教师4702,2,教师4740、教师4741,,
50,学校49,164,55,1577,13,教师330、教师331、教师332、教师333、教师334、教师335、教师336、教师337、教师338、教师339、教师340、教师341、教师342,55,教师1844、教师1845、教师1846、教师1847、教师1848、教师1849、教师1850、教师1851、教师1852、教师1853、教师1854、教师1855、教师1856、教师1857、教师1858、教师1859、教师1860、教师1861、教师1862、教师1863、教师1864、教师1865、教师1866、教师1867、教师1868、教师1869、教师1870、教师1871、教师1872、教师1873、教师1874、教师1875、教师1876、教师1877、教师1878、教师1879、教师1880、教师1881、教师1882、教师1883、教师1884、教师1885、教师1886、教师1887、教师1888、教师1889、教师1890、教师1891、教师1892、教师452、教师1893、教师1064,48,教师3003、教师3004、教师3005、教师3006、教师3007、教师3008、教师3009、教师3010、教师3011、教师3012、教师3013、教师3014、教师3015、教师3016、教师3017、教师3018、教师3019、教师2785、教师3020、教师3021、教师1544、教师3022、教师3023、教师3024、教师3025、教师3026、教师2089、教师3027、教师3028、教师3029、教师3030、教师3031、教师3032、教师3033、教师3034、教师3035、教师3036、教师3037、教师3038、教师3039、教师3040、教师2521、教师1891、教师1893,10,教师3066、教师3350、教师3351、教师3352、教师3353、教师3354、教师3355、教师3356、教师2616、教师3357,9,教师3568、教师3569、教师1841、教师3570、教师3571、教师3572、教师3573、教师3574、教师3575,3,教师3687、教师3688、教师3637,1,教师3255,1,教师3808,1,教师3869,10,教师4069、教师4070、教师4071、教师4072、教师4073、教师4074、教师4075、教师4076、教师4077、教师2521,3,教师4285、教师4286、教师4287,7,教师4617、教师4618、教师4619、教师4620、教师4621、教师4622、教师4623,2,教师4703、教师4704,1,教师4742,,"=DISPIMG(""ID_C563F6E1B56A470AA6ECD8EE1C047023"",1)"
51,学校50,102,46,906,4,教师343、教师344、教师345、教师346,32,教师1894、教师1895、教师1896、教师1897、教师1898、教师1899、教师1900、教师1901、教师1902、教师1903、教师1904、教师1905、教师1906、教师1907、教师1908、教师1909、教师1910、教师1911、教师261、教师1912、教师1913、教师1914、教师374、教师1915、教师1916、教师1917、教师1918、教师1919、教师1920、教师1921、教师1922、教师1923,30,教师3041、教师3042、教师611、教师3043、教师3044、教师3045、教师3046、教师3047、教师3048、教师3049、教师3050、教师3051、教师3052、教师900、教师1886、教师3053、教师3054、教师3055、教师3056、教师3057、教师3058、教师3059、教师3060、教师3061、教师3062、教师3063、教师3064、教师3065、教师3066、教师3067,12,教师706、教师492、教师3358、教师3359、教师3360、教师3361、教师3362、教师3363、教师3364、教师3365、教师3366、教师3367,4,教师3576、教师3577、教师3578、教师3579,1,教师3689,3,教师3744、教师3745、教师3746,0,教师347,1,教师3870,5,教师4078、教师4079、教师4080、教师4081、教师289,3,教师4288、教师4289、教师4290,7,教师4624、教师3471、教师4625、教师4626、教师4627、教师4628、教师4629,0,教师347,0,教师347,,
53,学校51,11,16,768,0,教师347,0,教师347,0,教师347,0,教师347,0,教师347,0,教师347,11,教师3747、教师3748、教师3749、教师2531、教师3750、教师3751、教师3752、教师3753、教师3754、教师3755、教师3756,0,教师347,0,教师347,0,教师347,0,教师347,0,教师347,0,教师347,0,教师347,,
