股票代码,年份,企业ID,时间ID,公司简称,所属省份,所属城市,股权性质,投入1_研发人员占比,投入2_数字化无形资产占比,投入3_研发投入占比,产出1_数字化成果,产出2_利润总额,产出3_数字化应用,环境变量1_所在城市移动互联网用户规模,环境变量2_地方财政科技支出强度（R&D经费强度）,环境变量3_企业规模
000032.SZ,2019,000032,2019,深桑达A,广东省,深圳市,1.0,20.02,0.172102761585129,1.67,29.0674,202725820.86,34.9683,5.3452,2.86931933410441,21.5743827819824
000032.SZ,2020,000032,2020,深桑达A,广东省,深圳市,1.0,29.83,0.115584430386505,2.04,29.1528,228588649.68,24.9097,4.588,3.13075412319751,21.6732883453369
000032.SZ,2021,000032,2021,深桑达A,广东省,深圳市,1.0,11.0,4.86451205977017,2.37,32.6764,1571743427.16,99.7301,469.9828,3.20894447139381,24.5104103088379
000032.SZ,2022,000032,2022,深桑达A,广东省,深圳市,1.0,11.57,6.17295692820539,3.01,22.215,1185054832.09,99.6214,4.304,3.40651136251328,24.6905422210693
000032.SZ,2023,000032,2023,深桑达A,广东省,深圳市,1.0,18.07,11.6689736869786,3.3,20.3836,1343825818.0,98.7585,4.3207,3.53984138355991,24.7578315734863
000065.SZ,2019,000065,2019,北方国际,北京市,北京市,1.0,33.99,0.743801778910017,1.2,29.0674,854524416.93,34.0579,2.8768,6.30153956400179,23.4142456054688
000065.SZ,2020,000065,2020,北方国际,北京市,北京市,1.0,29.9,0.872070289247369,0.92,29.1528,903071955.91,24.9097,2.8696,6.47291511909034,23.6181488037109
000065.SZ,2021,000065,2021,北方国际,北京市,北京市,1.0,10.44,0.961395771846434,1.21,36.6163,807040959.4,26.3926,225.1808,6.40585300251428,23.6856384277344
000065.SZ,2022,000065,2022,北方国际,北京市,北京市,1.0,11.7,1.26385412846589,1.0,22.215,965531131.31,25.9199,2.7506,6.84467452558803,23.8179607391357
000065.SZ,2023,000065,2023,北方国际,北京市,北京市,1.0,17.11,1.4397752136745,0.97,20.3836,1114029155.31,26.4977,2.8095,6.73452038015845,23.8912506103516
002047.SZ,2019,002047,2019,宝鹰股份,广东省,深圳市,1.0,19.36,100.0,3.14,29.0674,224163737.48,84.6202,5.3452,2.86931933410441,23.0465297698975
002047.SZ,2020,002047,2020,宝鹰股份,广东省,深圳市,1.0,18.74,1.9733582716952,3.18,29.1528,140611996.31,59.7851,4.588,3.13075412319751,23.2105731964111
002047.SZ,2021,002047,2021,宝鹰股份,广东省,深圳市,1.0,14.23,2.00011113242245,3.13,32.6764,-1935344469.62,35.7286,469.9828,3.20894447139381,23.0887241363525
002047.SZ,2022,002047,2022,宝鹰股份,广东省,深圳市,1.0,14.88,1.87420048633861,3.2,22.215,-2506706303.73,29.9913,4.304,3.40651136251328,22.9347534179688
002047.SZ,2023,002047,2023,宝鹰股份,广东省,深圳市,1.0,18.82,1.87420048633861,2.93,20.3836,-1068024428.63,30.6469,4.3207,3.53984138355991,22.9700870513916
002051.SZ,2019,002051,2019,中工国际,北京市,北京市,1.0,45.8,13.8079832547702,5.69,29.0674,1212540208.85,25.3314,2.8768,6.30153956400179,23.8142852783203
002051.SZ,2020,002051,2020,中工国际,北京市,北京市,1.0,43.29,12.856828820897,6.66,29.1528,-99536073.09,40.9974,2.8696,6.47291511909034,23.7997875213623
002051.SZ,2021,002051,2021,中工国际,北京市,北京市,1.0,53.6,16.1861926502862,5.78,36.6163,279398354.3,76.4338,225.1808,6.40585300251428,23.8164138793945
002051.SZ,2022,002051,2022,中工国际,北京市,北京市,1.0,66.02,13.1264690295333,6.4,22.215,468649320.11,73.2832,2.7506,6.84467452558803,23.8075180053711
002051.SZ,2023,002051,2023,中工国际,北京市,北京市,1.0,78.69,16.1416590212471,6.6,20.3836,530656658.31,26.4977,2.8095,6.73452038015845,23.8421516418457
002062.SZ,2019,002062,2019,宏润建设,浙江省,宁波市,0.0,21.31,0.628582309046476,2.78,29.0674,523080009.99,25.3314,2.2318,2.67329832538183,23.4789371490479
002062.SZ,2020,002062,2020,宏润建设,浙江省,宁波市,0.0,25.52,0.363523935515884,3.0,29.1528,627981412.25,24.9097,2.177,2.87512904028654,23.5564918518066
002062.SZ,2021,002062,2021,宏润建设,浙江省,宁波市,0.0,26.24,0.358982698725708,3.29,36.6163,513373950.82,26.3926,243.1847,2.91419109463971,23.6309757232666
002062.SZ,2022,002062,2022,宏润建设,浙江省,宁波市,0.0,31.82,0.358982698725708,2.84,22.215,646801409.48,25.9199,2.23,3.09601360993894,23.5196094512939
002062.SZ,2023,002062,2023,宏润建设,浙江省,宁波市,0.0,33.3,2.64182038203,3.2,20.3836,464774564.71,26.4977,2.2679,3.19816913214751,23.4705963134766
002081.SZ,2019,002081,2019,金螳螂,江苏省,苏州市,0.0,16.69,32.0225184109497,2.85,32.2646,2695090886.19,25.3314,2.5588,2.81735926971075,24.3988933563232
002081.SZ,2020,002081,2020,金螳螂,江苏省,苏州市,0.0,20.77,32.3145244017515,3.06,44.5924,2710282604.54,24.9097,2.3698,2.92383576327454,24.5300025939941
002081.SZ,2021,002081,2021,金螳螂,江苏省,苏州市,0.0,18.12,32.3794123679278,3.31,32.6764,-5459333465.73,26.3926,96.3273,2.92911398012137,24.3657112121582
002081.SZ,2022,002081,2022,金螳螂,江苏省,苏州市,0.0,18.5,27.6321089970015,3.36,22.215,1419738216.85,25.9199,2.415,3.14149413584974,24.3351650238037
002081.SZ,2023,002081,2023,金螳螂,江苏省,苏州市,0.0,16.41,30.380971395463,3.31,20.3836,1164906946.06,26.4977,2.4065,3.28514878078835,24.3363914489746
002116.SZ,2019,002116,2019,中国海诚,上海市,上海市,1.0,20.22,74.4045868465189,3.49,32.2646,91551951.67,25.3314,2.7278,4.01329223220209,22.1826019287109
002116.SZ,2020,002116,2020,中国海诚,上海市,上海市,1.0,19.64,75.4313086830036,3.52,29.1528,94860177.91,24.9097,2.8988,4.14669830327513,22.2319221496582
002116.SZ,2021,002116,2021,中国海诚,上海市,上海市,1.0,21.31,77.5185651855927,3.37,40.0413,190099851.77,62.8023,179.7986,4.16869897281299,22.3069019317627
002116.SZ,2022,002116,2022,中国海诚,上海市,上海市,1.0,21.59,79.4066227170448,3.72,22.215,226688513.53,69.6338,2.9478,4.422268021451,22.5251274108887
002116.SZ,2023,002116,2023,中国海诚,上海市,上海市,1.0,21.15,81.485671520401,4.02,24.9676,359142535.77,79.516,3.0296,4.34065916681315,22.4671669006348
002375.SZ,2019,002375,2019,亚厦股份,浙江省,绍兴市,0.0,13.59,13.0149421733693,2.68,36.4324,542818987.33,25.3314,1.4871,2.67329832538183,23.7973537445068
002375.SZ,2020,002375,2020,亚厦股份,浙江省,绍兴市,0.0,11.79,16.2374116829355,3.04,32.8482,408988390.47,37.2748,1.484,2.87512904028654,23.826976776123
002375.SZ,2021,002375,2021,亚厦股份,浙江省,绍兴市,0.0,12.54,16.4620478258258,3.17,32.6764,-1005270484.63,26.3926,134.3276,2.91419109463971,23.8620834350586
002375.SZ,2022,002375,2022,亚厦股份,浙江省,绍兴市,0.0,15.98,17.1368422115103,3.07,22.215,248248933.18,25.9199,1.5791,3.09601360993894,23.8665618896484
002375.SZ,2023,002375,2023,亚厦股份,浙江省,绍兴市,0.0,18.02,17.1381230472551,3.02,20.3836,267929332.34,26.4977,1.6263,3.19816913214751,23.8594360351563
002542.SZ,2019,002542,2019,中化岩土,北京市,北京市,1.0,18.85,0.437682925779951,2.97,29.0674,289982183.59,27.3882,2.8768,6.30153956400179,22.9214115142822
002542.SZ,2020,002542,2020,中化岩土,北京市,北京市,1.0,18.23,1.03357049823078,3.0,36.5086,198803171.35,71.8697,2.8696,6.47291511909034,23.0844898223877
002542.SZ,2021,002542,2021,中化岩土,北京市,北京市,1.0,20.79,1.03357049823078,3.06,29.2513,-356108315.02,70.56,225.1808,6.40585300251428,23.0403804779053
002542.SZ,2022,002542,2022,中化岩土,北京市,北京市,1.0,17.46,1.03357049823078,3.41,22.215,-807484301.26,60.9941,2.7506,6.84467452558803,22.8606567382813
002542.SZ,2023,002542,2023,中化岩土,北京市,北京市,1.0,21.45,1.03357049823078,3.84,27.7486,-880649211.89,54.4092,2.8095,6.73452038015845,22.8444118499756
002620.SZ,2019,002620,2019,瑞和股份,广东省,深圳市,0.0,16.45,27.7478464870964,3.27,29.0674,224569733.22,25.3314,5.3452,2.86931933410441,22.4921855926514
002620.SZ,2020,002620,2020,瑞和股份,广东省,深圳市,0.0,18.63,31.3465530130076,3.26,36.5086,199316171.69,24.9097,4.588,3.13075412319751,22.5724716186523
002620.SZ,2021,002620,2021,瑞和股份,广东省,深圳市,0.0,18.04,14.1886286309434,3.24,29.2513,-1786470186.0,26.3926,469.9828,3.20894447139381,22.3252182006836
002620.SZ,2022,002620,2022,瑞和股份,广东省,深圳市,0.0,17.07,14.1745077536791,3.12,22.215,96467417.82,25.9199,4.304,3.40651136251328,22.291187286377
002620.SZ,2023,002620,2023,瑞和股份,广东省,深圳市,0.0,19.08,37.1247704873573,3.17,27.7486,-279217071.93,26.4977,4.3207,3.53984138355991,22.126350402832
002663.SZ,2019,002663,2019,普邦股份,广东省,广州市,0.0,13.24,7.35904711461264,3.31,36.4324,-1077662360.39,25.3314,3.8219,2.86931933410441,22.7451610565186
002663.SZ,2020,002663,2020,普邦股份,广东省,广州市,0.0,14.86,2.43623580133651,4.05,29.1528,-350572569.63,40.9974,3.0235,3.13075412319751,22.6854915618896
002663.SZ,2021,002663,2021,普邦股份,广东省,广州市,0.0,11.17,2.48719227439132,3.53,29.2513,-679209790.74,26.3926,626.7545,3.20894447139381,22.5471611022949
002663.SZ,2022,002663,2022,普邦股份,广东省,广州市,0.0,14.11,3.10267805720715,2.98,29.58,-263059641.93,60.9941,3.5201,3.40651136251328,22.462890625
002663.SZ,2023,002663,2023,普邦股份,广东省,广州市,0.0,10.5,74.5664207578425,3.24,20.3836,-63874257.11,26.4977,3.1459,3.53984138355991,22.4328079223633
002713.SZ,2019,002713,2019,东易日盛,北京市,北京市,0.0,13.45,62.7705555477659,4.47,29.0674,-166116881.25,34.9692,2.8768,6.30153956400179,21.786018371582
002713.SZ,2020,002713,2020,东易日盛,北京市,北京市,0.0,15.85,66.7605904836416,4.6,45.512,258737568.38,38.288,2.8696,6.47291511909034,21.8747825622559
002713.SZ,2021,002713,2021,东易日盛,北京市,北京市,0.0,13.76,69.8976373456603,4.17,29.2513,120173289.07,35.7914,225.1808,6.40585300251428,22.0345401763916
002713.SZ,2022,002713,2022,东易日盛,北京市,北京市,0.0,15.49,72.7962954108703,6.69,29.58,-898195373.63,35.3139,2.7506,6.84467452558803,21.8957176208496
002713.SZ,2023,002713,2023,东易日盛,北京市,北京市,0.0,15.74,79.9253131538336,5.23,20.3836,-236709108.13,35.8756,2.8095,6.73452038015845,21.7985229492188
002775.SZ,2019,002775,2019,文科园林,广东省,深圳市,1.0,13.34,3.46200234391683,3.26,29.0674,285794602.8,25.3314,5.3452,2.86931933410441,22.2513618469238
002775.SZ,2020,002775,2020,文科园林,广东省,深圳市,1.0,13.29,3.74741507341769,3.15,29.1528,177121634.41,24.9097,4.588,3.13075412319751,22.4085655212402
002775.SZ,2021,002775,2021,文科园林,广东省,深圳市,1.0,15.82,4.27227693664398,3.1,29.2513,-1939312143.02,26.3926,469.9828,3.20894447139381,22.2388610839844
002775.SZ,2022,002775,2022,文科园林,广东省,深圳市,1.0,10.78,4.47567751687835,2.81,29.58,-431002176.59,25.9199,4.304,3.40651136251328,22.3350124359131
002775.SZ,2023,002775,2023,文科股份,广东省,佛山市,1.0,20.05,5.19678526780425,2.85,20.3836,-176284281.23,26.4977,2.536,3.53984138355991,22.4975509643555
002789.SZ,2019,002789,2019,建艺集团,广东省,深圳市,1.0,27.74,4.08906965719471,3.05,36.4324,36610834.18,25.3314,5.3452,2.86931933410441,22.2422847747803
002789.SZ,2020,002789,2020,建艺集团,广东省,深圳市,1.0,30.05,4.08906965719471,3.13,29.1528,-23134425.0,24.9097,4.588,3.13075412319751,22.1882820129395
002789.SZ,2021,002789,2021,建艺集团,广东省,深圳市,1.0,29.46,4.08906965719471,3.11,29.2513,-1059315714.98,26.3926,469.9828,3.20894447139381,21.9261684417725
002789.SZ,2022,002789,2022,建艺集团,广东省,深圳市,1.0,22.86,3.61425322226123,3.02,29.58,12381966.97,25.9199,4.304,3.40651136251328,22.9179801940918
002789.SZ,2023,002789,2023,建艺集团,广东省,深圳市,1.0,12.47,4.66129699983523,3.27,24.9676,-509467845.8,26.4977,4.3207,3.53984138355991,23.0366458892822
002811.SZ,2019,002811,2019,亚泰国际,广东省,深圳市,0.0,21.2,35.5031174564643,3.9,36.8253,159703991.84,29.669,5.3452,2.86931933410441,21.9536952972412
002811.SZ,2020,002811,2020,郑中设计,广东省,深圳市,0.0,23.0,43.7327943964047,5.18,40.2132,35615890.52,24.9097,4.588,3.13075412319751,21.86106300354
002811.SZ,2021,002811,2021,郑中设计,广东省,深圳市,0.0,27.41,45.2291964448608,5.44,29.2513,21351723.29,26.3926,469.9828,3.20894447139381,21.8197593688965
002811.SZ,2022,002811,2022,郑中设计,广东省,深圳市,0.0,26.1,44.6762454183137,6.79,22.215,-193952269.47,25.9199,4.304,3.40651136251328,21.6971836090088
002811.SZ,2023,002811,2023,郑中设计,广东省,深圳市,0.0,26.99,48.7783112144189,6.07,32.3326,-42686144.02,26.4977,4.3207,3.53984138355991,21.6788597106934
002830.SZ,2019,002830,2019,名雕股份,广东省,深圳市,0.0,8.94,38.9565379492439,1.87,29.0674,41422719.2,25.3314,5.3452,2.86931933410441,20.9895153045654
002830.SZ,2020,002830,2020,名雕股份,广东省,深圳市,0.0,9.16,41.9981132790606,1.43,29.1528,35447208.51,34.2001,4.588,3.13075412319751,21.127649307251
002830.SZ,2021,002830,2021,名雕股份,广东省,深圳市,0.0,8.47,42.9332811614901,1.45,29.2513,46740998.97,35.7286,469.9828,3.20894447139381,21.2269763946533
002830.SZ,2022,002830,2022,名雕股份,广东省,深圳市,0.0,7.57,42.9675952871033,1.54,22.215,42849652.11,35.2726,4.304,3.40651136251328,21.0935764312744
002830.SZ,2023,002830,2023,名雕股份,广东省,深圳市,0.0,6.04,42.9834875487715,0.96,20.3836,61308284.11,35.5372,4.3207,3.53984138355991,21.0970821380615
002883.SZ,2019,002883,2019,中设股份,江苏省,无锡市,1.0,19.82,17.3342552626332,5.59,29.0674,74595494.02,34.9692,1.9868,2.81735926971075,20.2056427001953
002883.SZ,2020,002883,2020,中设股份,江苏省,无锡市,1.0,22.88,16.0532830269665,4.89,29.1528,87761865.42,34.5654,1.8575,2.92383576327454,20.7043056488037
002883.SZ,2021,002883,2021,中设股份,江苏省,无锡市,1.0,16.2,18.9989116190911,5.06,29.2513,77392101.33,35.7914,67.8137,2.92911398012137,20.9131507873535
002883.SZ,2022,002883,2022,中设股份,江苏省,无锡市,1.0,15.92,22.5554360617182,5.12,29.58,70616523.69,35.3139,1.973,3.14149413584974,20.9467639923096
002883.SZ,2023,002883,2023,中设股份,江苏省,无锡市,1.0,16.87,25.6882557235285,5.04,24.9676,55384650.3,35.8755,1.9944,3.28514878078835,21.0000057220459
002949.SZ,2019,002949,2019,华阳国际,广东省,深圳市,0.0,10.42,34.8650333232417,4.4,39.6296,171524065.32,25.3314,5.3452,2.86931933410441,21.3541946411133
002949.SZ,2020,002949,2020,华阳国际,广东省,深圳市,0.0,11.39,15.4556127773813,3.85,35.9033,219730165.58,24.9097,4.588,3.13075412319751,21.7361259460449
002949.SZ,2021,002949,2021,华阳国际,广东省,深圳市,0.0,12.22,16.0600171478501,3.38,32.6764,147057759.22,26.3926,469.9828,3.20894447139381,21.8355751037598
002949.SZ,2022,002949,2022,华阳国际,广东省,深圳市,0.0,13.41,16.8337764475427,4.38,29.58,160287779.46,25.9199,4.304,3.40651136251328,21.8930053710938
002949.SZ,2023,002949,2023,华阳国际,广东省,深圳市,0.0,14.2,16.3704902078032,4.52,20.3836,214707182.85,26.4977,4.3207,3.53984138355991,21.9060649871826
002963.SZ,2019,002963,2019,豪尔赛,北京市,北京市,0.0,22.225,90.4006692114307,3.7600000000000002,29.0674,255626317.63,29.669,2.8768,6.30153956400179,21.5505275726318
002963.SZ,2020,002963,2020,豪尔赛,北京市,北京市,0.0,24.63,83.367136281275,4.93,32.8482,46624651.72,29.0567,2.8696,6.47291511909034,21.481990814209
002963.SZ,2021,002963,2021,豪尔赛,北京市,北京市,0.0,22.41,87.0363762742698,6.3,36.6163,12054265.7,33.6924,225.1808,6.40585300251428,21.5608596801758
002963.SZ,2022,002963,2022,豪尔赛,北京市,北京市,0.0,27.33,87.564906489496,10.54,34.9444,-188948356.87,25.9199,2.7506,6.84467452558803,21.4729137420654
002963.SZ,2023,002963,2023,豪尔赛,北京市,北京市,0.0,28.23,90.9824022320651,6.76,24.9676,21115976.94,26.4977,2.8095,6.73452038015845,21.4413146972656
300284.SZ,2019,300284,2019,苏交科,江苏省,南京市,1.0,18.0,39.7922441187024,4.62,53.2409,876085062.07,31.7407,1.8427,2.81735926971075,23.3148670196533
300284.SZ,2020,300284,2020,苏交科,江苏省,南京市,1.0,18.0,43.1876893178246,4.32,44.9383,507533876.98,43.451,1.749,2.92383576327454,23.3827133178711
300284.SZ,2021,300284,2021,苏交科,江苏省,南京市,1.0,18.01,39.3962432788415,4.48,45.0005,593216848.35,79.9543,80.7749,2.92911398012137,23.4369125366211
300284.SZ,2022,300284,2022,苏交科,江苏省,南京市,1.0,18.0,41.3049623445225,6.25,29.58,752653966.83,78.9865,1.8313,3.14149413584974,23.4647026062012
300284.SZ,2023,300284,2023,苏交科,江苏省,南京市,1.0,18.0,44.9303305305563,5.83,36.1805,354674366.48,80.6961,1.9169,3.28514878078835,23.4907150268555
300384.SZ,2019,300384,2019,三联虹普,北京市,北京市,0.0,73.86,6.25496505145973,6.31,29.0674,214856189.88,90.3622,2.8768,6.30153956400179,21.7816886901855
300384.SZ,2020,300384,2020,三联虹普,北京市,北京市,0.0,50.9,6.45893011720816,8.04,36.5086,198762669.62,90.3326,2.8696,6.47291511909034,21.8246440887451
300384.SZ,2021,300384,2021,三联虹普,北京市,北京市,0.0,48.19,4.85361384241879,9.35,29.2513,223278094.57,72.4723,225.1808,6.40585300251428,21.8993606567383
300384.SZ,2022,300384,2022,三联虹普,北京市,北京市,0.0,46.24,4.78756336323588,6.01,22.215,293301154.83,69.6338,2.7506,6.84467452558803,22.0246353149414
300384.SZ,2023,300384,2023,三联虹普,北京市,北京市,0.0,47.59,4.64989746501087,5.72,24.9676,360816791.13,26.4977,2.8095,6.73452038015845,22.0875644683838
300500.SZ,2019,300500,2019,启迪设计,江苏省,苏州市,0.0,21.14,10.3976077668119,5.11,29.0674,209517636.5,60.3291,2.5588,2.81735926971075,21.6456451416016
300500.SZ,2020,300500,2020,启迪设计,江苏省,苏州市,0.0,18.81,11.9454871343875,4.25,40.204,68302028.49,37.2748,2.3698,2.92383576327454,21.7360076904297
300500.SZ,2021,300500,2021,启迪设计,江苏省,苏州市,0.0,20.88,13.8875604061851,4.58,35.6482,151027312.34,26.3926,96.3273,2.92911398012137,21.9596214294434
300500.SZ,2022,300500,2022,启迪设计,江苏省,苏州市,0.0,21.56,16.261659453754,6.07,22.215,-2997076.65,25.9199,2.415,3.14149413584974,22.034538269043
300500.SZ,2023,300500,2023,启迪设计,江苏省,苏州市,0.0,21.67,16.4228118186644,5.76,27.9842,-339016531.65,47.5543,2.4065,3.28514878078835,21.9581890106201
300621.SZ,2019,300621,2019,维业股份,广东省,深圳市,1.0,21.44,14.5428754622039,2.75,29.0674,102539810.53,25.3314,5.3452,2.86931933410441,21.7237396240234
300621.SZ,2020,300621,2020,维业股份,广东省,深圳市,1.0,20.26,16.4213016204439,2.67,29.1528,63859234.67,24.9097,4.588,3.13075412319751,21.820779800415
300621.SZ,2021,300621,2021,维业股份,广东省,深圳市,1.0,4.91,30.1392248270521,0.51,36.6163,148514286.42,26.3926,469.9828,3.20894447139381,22.8115425109863
300621.SZ,2022,300621,2022,维业股份,广东省,深圳市,1.0,3.24,37.4618944265166,0.34,22.215,128840198.36,25.9199,4.304,3.40651136251328,23.2216300964355
300621.SZ,2023,300621,2023,维业股份,广东省,深圳市,1.0,3.37,34.8427109044718,0.54,20.3836,65657607.54,26.4977,4.3207,3.53984138355991,23.2978992462158
300635.SZ,2019,300635,2019,中达安,广东省,广州市,1.0,11.56,96.8892180482687,6.49,37.5222,85768948.99,25.3314,3.8219,2.86931933410441,20.9446353912354
300635.SZ,2020,300635,2020,中达安,广东省,广州市,1.0,11.27,97.3909885670178,8.2,29.1528,39046567.1,50.4946,3.0235,3.13075412319751,20.9132022857666
300635.SZ,2021,300635,2021,中达安,广东省,广州市,1.0,12.18,98.0420014503288,7.48,36.6163,41782091.69,26.3926,626.7545,3.20894447139381,20.8930015563965
300635.SZ,2022,300635,2022,中达安,广东省,广州市,1.0,10.99,98.4134709028539,7.64,22.215,-215261178.44,53.3257,3.5201,3.40651136251328,20.7171649932861
300635.SZ,2023,300635,2023,中达安,广东省,广州市,1.0,11.44,98.5253566864589,7.85,20.3836,2782686.02,47.5543,3.1459,3.53984138355991,20.9415168762207
300649.SZ,2019,300649,2019,杭州园林,浙江省,杭州市,0.0,17.51,100.0,4.52,29.0674,74440615.61,25.3314,2.2845,2.67329832538183,20.6993618011475
300649.SZ,2020,300649,2020,杭州园林,浙江省,杭州市,0.0,15.49,100.0,3.77,40.204,56192125.17,24.9097,2.2964,2.87512904028654,20.9667263031006
300649.SZ,2021,300649,2021,杭州园林,浙江省,杭州市,0.0,16.43,100.0,3.41,29.2513,35946913.75,26.3926,133.8158,2.91419109463971,21.0673694610596
300649.SZ,2022,300649,2022,杭州园林,浙江省,杭州市,0.0,17.99,100.0,4.51,22.215,11506367.45,25.9199,2.1848,3.09601360993894,20.9383792877197
300649.SZ,2023,300649,2023,杭州园林,浙江省,杭州市,0.0,17.0,100.0,5.37,20.3836,8549300.8,26.4977,2.1857,3.19816913214751,20.8110008239746
300668.SZ,2019,300668,2019,杰恩设计,广东省,深圳市,0.0,31.51,99.3924821516907,5.03,29.0674,97702166.85,40.7896,5.3452,2.86931933410441,20.1765995025635
300668.SZ,2020,300668,2020,杰恩设计,广东省,深圳市,0.0,17.64,99.4039688641828,5.43,36.5086,29052919.24,37.2748,4.588,3.13075412319751,20.1478042602539
300668.SZ,2021,300668,2021,杰恩设计,广东省,深圳市,0.0,10.82,99.4317243594522,3.93,29.2513,21803883.57,26.3926,469.9828,3.20894447139381,20.2220191955566
300668.SZ,2022,300668,2022,杰恩设计,广东省,深圳市,0.0,18.88,99.4733909648098,5.12,22.215,35631257.52,25.9199,4.304,3.40651136251328,20.6218032836914
300668.SZ,2023,300668,2023,杰恩设计,广东省,深圳市,0.0,20.34,99.4738912971431,3.83,27.7486,71061083.96,26.4977,4.3207,3.53984138355991,20.8877468109131
300675.SZ,2019,300675,2019,建科院,广东省,深圳市,1.0,21.61,28.5861975493186,9.22,32.2646,43367423.61,25.3314,5.3452,2.86931933410441,20.7791366577148
300675.SZ,2020,300675,2020,建科院,广东省,深圳市,1.0,26.29,34.3181935761942,8.78,36.5086,52388575.47,24.9097,4.588,3.13075412319751,20.9932651519775
300675.SZ,2021,300675,2021,建科院,广东省,深圳市,1.0,26.9,36.345985933794,9.89,32.6764,51984551.98,45.9676,469.9828,3.20894447139381,21.0140018463135
300675.SZ,2022,300675,2022,建科院,广东省,深圳市,1.0,22.94,72.5145908394876,9.03,22.215,83430464.24,44.3103,4.304,3.40651136251328,21.0469665527344
300675.SZ,2023,300675,2023,建科院,广东省,深圳市,1.0,24.2,73.6363812644636,10.61,20.3836,29480326.97,26.4977,4.3207,3.53984138355991,21.0833797454834
300712.SZ,2019,300712,2019,永福股份,福建省,福州市,0.0,14.64,63.1860837618447,2.1,32.2646,87371031.34,64.1371,1.3998,1.7807870228178,21.5817184448242
300712.SZ,2020,300712,2020,永福股份,福建省,福州市,0.0,13.53,61.7914855570762,3.92,40.204,58788150.01,45.0185,1.4276,1.9317455731209,21.5064373016357
300712.SZ,2021,300712,2021,永福股份,福建省,福州市,0.0,26.98,61.1772542795277,3.55,37.6286,26582705.78,66.6962,58.2325,1.95441884675211,21.8305282592773
300712.SZ,2022,300712,2022,永福股份,福建省,福州市,0.0,24.01,56.0689441190603,3.25,22.215,84110667.68,68.5078,1.3521,2.09047176572633,21.9416275024414
300712.SZ,2023,300712,2023,永福股份,福建省,福州市,0.0,27.3,49.1831349120839,4.71,28.7413,56067959.41,72.1905,1.3583,2.15559752442733,22.1863555908203
300746.SZ,2019,300746,2019,汉嘉设计,浙江省,杭州市,0.0,12.55,100.0,3.86,32.2646,102087470.95,40.7896,2.2845,2.67329832538183,21.6087551116943
300746.SZ,2020,300746,2020,汉嘉设计,浙江省,杭州市,0.0,14.13,100.0,3.0,40.204,83825403.74,24.9097,2.2964,2.87512904028654,21.4488048553467
300746.SZ,2021,300746,2021,汉嘉设计,浙江省,杭州市,0.0,16.68,100.0,3.15,32.6764,118125257.39,26.3926,133.8158,2.91419109463971,21.5062637329102
300746.SZ,2022,300746,2022,汉嘉设计,浙江省,杭州市,0.0,17.78,100.0,3.4,22.215,19473519.31,25.9199,2.1848,3.09601360993894,21.5913333892822
300746.SZ,2023,300746,2023,汉嘉设计,浙江省,杭州市,0.0,17.19,100.0,3.61,27.7486,24398415.26,26.4977,2.1857,3.19816913214751,21.7028369903564
300778.SZ,2019,300778,2019,新城市,广东省,深圳市,0.0,22.58,45.8525567940373,3.89,29.0674,124644433.41,25.3314,5.3452,2.86931933410441,20.9103527069092
300778.SZ,2020,300778,2020,新城市,广东省,深圳市,0.0,22.98,54.2627666523584,3.23,29.1528,117325747.76,24.9097,4.588,3.13075412319751,21.0081253051758
300778.SZ,2021,300778,2021,新城市,广东省,深圳市,0.0,22.12,57.2787324112334,3.37,40.0413,94436130.68,26.3926,469.9828,3.20894447139381,20.9466247558594
300778.SZ,2022,300778,2022,新城市,广东省,深圳市,0.0,23.84,58.9642777723623,3.72,22.215,69507248.34,25.9199,4.304,3.40651136251328,21.3401851654053
300778.SZ,2023,300778,2023,新城市,广东省,深圳市,0.0,22.05,58.9642777723623,4.62,24.9676,-64171872.59,26.4977,4.3207,3.53984138355991,21.2541694641113
600133.SH,2019,600133,2019,东湖高新,湖北省,武汉市,1.0,12.91,0.658339312641937,0.69,29.0674,416358983.26,49.5162,1.7398,2.10852605164102,24.0058250427246
600133.SH,2020,600133,2020,东湖高新,湖北省,武汉市,1.0,15.0,0.646892468150695,1.02,29.1528,861952636.82,28.6323,1.6998,2.33761583090142,24.0256881713867
600133.SH,2021,600133,2021,东湖高新,湖北省,武汉市,1.0,20.0,0.734648988131161,0.98,29.2513,862182152.09,26.3926,120.5974,2.31621083144345,24.0873394012451
600133.SH,2022,600133,2022,东湖高新,湖北省,武汉市,1.0,20.24,0.75531396228773,1.09,22.215,923602804.36,25.9199,1.7482,2.37889487824625,24.2777614593506
600133.SH,2023,600133,2023,东湖高新,湖北省,武汉市,1.0,12.13,0.382079198653584,1.28,20.3836,1760361101.76,26.4977,1.8199,2.52343209040277,23.6727848052979
600512.SH,2019,600512,2019,腾达建设,浙江省,台州市,0.0,4.38,0.201921571851017,3.98,36.4324,746348085.67,25.3314,1.5841,2.67329832538183,23.0500259399414
600512.SH,2020,600512,2020,腾达建设,浙江省,台州市,0.0,9.09,0.339922903045351,3.64,29.1528,730616819.75,24.9097,1.4753,2.87512904028654,23.1143589019775
600512.SH,2021,600512,2021,腾达建设,浙江省,台州市,0.0,12.62,0.417462840515285,3.59,29.2513,1016701081.24,26.3926,104.2399,2.91419109463971,23.171049118042
600512.SH,2022,600512,2022,腾达建设,浙江省,台州市,0.0,6.88,0.452257309866383,3.41,29.58,128522269.15,25.9199,1.5786,3.09601360993894,23.1458206176758
600512.SH,2023,600512,2023,腾达建设,浙江省,台州市,0.0,7.05,0.424380236098253,4.07,24.9676,36588945.11,26.4977,1.5822,3.19816913214751,23.1340255737305
600629.SH,2019,600629,2019,华建集团,上海市,上海市,1.0,6.3,48.6797675477588,3.88,32.2646,376135033.43,25.3314,2.7278,4.01329223220209,23.0478649139404
600629.SH,2020,600629,2020,华建集团,上海市,上海市,1.0,6.3,43.0103686922307,3.6,32.8482,329873932.18,37.2748,2.8988,4.14669830327513,23.1757755279541
600629.SH,2021,600629,2021,华建集团,上海市,上海市,1.0,29.4,65.7052692587794,4.07,35.6482,459803352.26,26.3926,179.7986,4.16869897281299,23.3204441070557
600629.SH,2022,600629,2022,华建集团,上海市,上海市,1.0,24.64,72.7780115659815,4.67,22.215,505715772.4,25.9199,2.9478,4.422268021451,23.4656219482422
600629.SH,2023,600629,2023,华建集团,上海市,上海市,1.0,24.54,86.4407575488132,5.05,24.9676,546152966.48,26.4977,3.0296,4.34065916681315,23.4860801696777
600667.SH,2019,600667,2019,太极实业,江苏省,无锡市,1.0,16.32,18.2553631313981,2.96,29.0674,812176622.48,25.3314,1.9868,2.81735926971075,23.7214336395264
600667.SH,2020,600667,2020,太极实业,江苏省,无锡市,1.0,15.29,24.2091711462668,3.0,29.1528,1057264953.34,24.9097,1.8575,2.92383576327454,23.7884788513184
600667.SH,2021,600667,2021,太极实业,江苏省,无锡市,1.0,39.81,25.0605286930642,3.16,29.2513,1131776441.28,26.3926,67.8137,2.92911398012137,23.9443855285645
600667.SH,2022,600667,2022,太极实业,江苏省,无锡市,1.0,14.72,27.5562450540794,3.12,22.215,-614338809.25,25.9199,1.973,3.14149413584974,24.08811378479
600667.SH,2023,600667,2023,太极实业,江苏省,无锡市,1.0,15.21,29.7900196676155,3.05,20.3836,953067450.87,33.3527,1.9944,3.28514878078835,24.2098331451416
600846.SH,2019,600846,2019,同济科技,上海市,上海市,1.0,3.69,0.318223206302365,0.28,29.0674,1250160093.36,25.3314,2.7278,4.01329223220209,23.2207698822021
600846.SH,2020,600846,2020,同济科技,上海市,上海市,1.0,4.2,0.12944109860596,0.4,29.1528,1109073132.08,24.9097,2.8988,4.14669830327513,23.1496715545654
600846.SH,2021,600846,2021,同济科技,上海市,上海市,1.0,11.44,0.360381413731866,0.7,29.2513,777452220.82,26.3926,179.7986,4.16869897281299,22.9534492492676
600846.SH,2022,600846,2022,同济科技,上海市,上海市,1.0,11.31,0.360270946252024,0.97,22.215,430055849.92,25.9199,2.9478,4.422268021451,23.1063022613525
600846.SH,2023,600846,2023,同济科技,上海市,上海市,1.0,11.42,0.412235780419872,1.17,20.3836,444141601.2,26.4977,3.0296,4.34065916681315,22.944450378418
600970.SH,2019,600970,2019,中材国际,江苏省,南京市,1.0,21.07,9.67732795673989,2.5,32.2646,1803855646.91,37.425,1.8427,2.81735926971075,24.2169513702393
600970.SH,2020,600970,2020,中材国际,江苏省,南京市,1.0,18.74,10.7647179193685,2.71,43.2591,1359652573.21,61.9609,1.749,2.92383576327454,24.2558479309082
600970.SH,2021,600970,2021,中材国际,江苏省,南京市,1.0,17.78,10.2089109996745,3.22,44.4972,2408922450.25,61.6354,80.7749,2.92911398012137,24.4484233856201
600970.SH,2022,600970,2022,中材国际,江苏省,南京市,1.0,17.65,11.1401430314489,3.51,22.215,2686261381.5,76.5152,1.8313,3.14149413584974,24.5025749206543
600970.SH,2023,600970,2023,中材国际,江苏省,南京市,1.0,19.35,10.5627521163574,4.02,27.9842,3697539593.57,48.7795,1.9169,3.28514878078835,24.7199897766113
601068.SH,2019,601068,2019,中铝国际,北京市,北京市,1.0,16.9,8.07485600370647,2.77,29.0674,344773252.74,25.3314,2.8768,6.30153956400179,24.748607635498
601068.SH,2020,601068,2020,中铝国际,北京市,北京市,1.0,15.62,8.2988606807279,2.79,29.1528,-1824780557.88,24.9097,2.8696,6.47291511909034,24.7217235565186
601068.SH,2021,601068,2021,中铝国际,北京市,北京市,1.0,20.6,8.35915136769389,3.26,29.2513,-756265284.57,26.3926,225.1808,6.40585300251428,24.7978839874268
601068.SH,2022,601068,2022,中铝国际,北京市,北京市,1.0,20.0,9.02452381684309,3.86,22.215,284974602.42,25.9199,2.7506,6.84467452558803,24.5817050933838
601068.SH,2023,601068,2023,中铝国际,北京市,北京市,1.0,18.7,9.19323919062855,4.23,20.3836,-2944897000.0,26.4977,2.8095,6.73452038015845,24.4354667663574
601117.SH,2019,601117,2019,中国化学,北京市,北京市,1.0,4.4,10.9150709367373,3.2,29.0674,3909324996.12,25.3314,2.8768,6.30153956400179,25.4756946563721
601117.SH,2020,601117,2020,中国化学,北京市,北京市,1.0,4.3,13.1679575478724,3.47,29.1528,4543860745.6,24.9097,2.8696,6.47291511909034,25.6359806060791
601117.SH,2021,601117,2021,中国化学,北京市,北京市,1.0,11.01,10.7509854971941,3.45,29.2513,6041292215.94,26.3926,225.1808,6.40585300251428,25.9044647216797
601117.SH,2022,601117,2022,中国化学,北京市,北京市,1.0,11.37,10.7435546723274,3.46,22.215,6704558573.7,44.3103,2.7506,6.84467452558803,25.9940357208252
601117.SH,2023,601117,2023,中国化学,北京市,北京市,1.0,11.71,10.018654470056,3.51,20.3836,6905485918.49,47.5543,2.8095,6.73452038015845,26.1128635406494
601226.SH,2019,601226,2019,华电重工,北京市,北京市,1.0,14.47,6.94681003077613,3.91,39.6296,85012727.82,25.3314,2.8768,6.30153956400179,22.9389572143555
601226.SH,2020,601226,2020,华电重工,北京市,北京市,1.0,18.15,7.29807061278855,3.83,32.8482,125915245.57,50.4946,2.8696,6.47291511909034,22.8958930969238
601226.SH,2021,601226,2021,华电重工,北京市,北京市,1.0,18.45,7.52921212054778,3.71,29.2513,346183461.07,26.3926,225.1808,6.40585300251428,23.0902786254883
601226.SH,2022,601226,2022,华电重工,北京市,北京市,1.0,18.75,7.26680451873584,5.39,29.58,377647523.07,25.9199,2.7506,6.84467452558803,23.1468105316162
601226.SH,2023,601226,2023,华电重工,北京市,北京市,1.0,18.72,7.38059761817411,5.78,27.9842,110834406.75,26.4977,2.8095,6.73452038015845,23.1675510406494
601390.SH,2019,601390,2019,中国中铁,北京市,北京市,1.0,9.42,1.73057864383937,1.95,37.5222,31332040000.0,29.669,2.8768,6.30153956400179,26.395112991333
601390.SH,2020,601390,2020,中国中铁,北京市,北京市,1.0,9.35,1.23895569914875,2.25,37.5825,33383055000.0,30.5929,2.8696,6.47291511909034,26.397798538208
601390.SH,2021,601390,2021,中国中铁,北京市,北京市,1.0,9.4,0.967315184103983,2.32,45.0005,37586179000.0,32.7244,225.1808,6.40585300251428,26.4522838592529
601390.SH,2022,601390,2022,中国中铁,北京市,北京市,1.0,9.28,0.838185110296122,2.42,30.3672,42583495000.0,25.9199,2.7506,6.84467452558803,26.4260234832764
601390.SH,2023,601390,2023,中国中铁,北京市,北京市,1.0,9.31,0.812817378667681,2.38,28.8155,46069901000.0,26.4977,2.8095,6.73452038015845,26.4402904510498
601669.SH,2019,601669,2019,中国电建,北京市,北京市,1.0,18.8,0.344334230638305,3.25,45.483,13686305191.06,40.7896,2.8768,6.30153956400179,26.395112991333
601669.SH,2020,601669,2020,中国电建,北京市,北京市,1.0,18.39,0.372365082868088,3.81,32.8482,16206720339.19,70.8004,2.8696,6.47291511909034,26.397798538208
601669.SH,2021,601669,2021,中国电建,北京市,北京市,1.0,15.54,0.395122087568111,3.59,35.6482,16748693766.29,72.7238,225.1808,6.40585300251428,26.4522838592529
601669.SH,2022,601669,2022,中国电建,北京市,北京市,1.0,13.32,0.550586350761558,3.64,29.58,19247263871.32,72.6546,2.7506,6.84467452558803,26.4260234832764
601669.SH,2023,601669,2023,中国电建,北京市,北京市,1.0,13.52,0.616589985172741,3.82,24.9676,20915945731.05,72.79,2.8095,6.73452038015845,26.4402904510498
601886.SH,2019,601886,2019,江河集团,北京市,北京市,0.0,21.41,6.94538707166616,2.51,29.0674,656818547.84,27.3882,2.8768,6.30153956400179,24.0778675079346
601886.SH,2020,601886,2020,江河集团,北京市,北京市,0.0,20.6,7.23843615036797,2.8,36.5086,1294466687.12,24.9097,2.8696,6.47291511909034,24.1036434173584
601886.SH,2021,601886,2021,江河集团,北京市,北京市,0.0,18.91,6.96160616607574,2.92,36.6163,-1002762639.92,45.9676,225.1808,6.40585300251428,24.0618362426758
601886.SH,2022,601886,2022,江河集团,北京市,北京市,0.0,17.17,6.99684093827246,2.91,29.58,673580676.55,38.209,2.7506,6.84467452558803,24.0165767669678
601886.SH,2023,601886,2023,江河集团,北京市,北京市,0.0,16.25,6.65940267749519,2.96,20.3836,904421672.15,43.1224,2.8095,6.73452038015845,24.0803718566895
603017.SH,2019,603017,2019,中衡设计,江苏省,苏州市,0.0,12.43,17.2187560488587,4.54,36.4324,243166083.8,40.7896,2.5588,2.81735926971075,21.9871597290039
603017.SH,2020,603017,2020,中衡设计,江苏省,苏州市,0.0,14.07,20.8178359099689,4.79,29.1528,257033901.97,24.9097,2.3698,2.92383576327454,22.0360660552979
603017.SH,2021,603017,2021,中衡设计,江苏省,苏州市,0.0,14.5,17.2704177008664,5.04,29.2513,-393421844.92,26.3926,96.3273,2.92911398012137,21.9150505065918
603017.SH,2022,603017,2022,中衡设计,江苏省,苏州市,0.0,16.0,10.9603833475145,5.47,29.58,122071525.23,25.9199,2.415,3.14149413584974,21.9453105926514
603017.SH,2023,603017,2023,中衡设计,江苏省,苏州市,0.0,16.0,11.1174624307224,5.42,24.9676,134195274.25,26.4977,2.4065,3.28514878078835,21.9447612762451
603316.SH,2019,603316,2019,诚邦股份,浙江省,杭州市,0.0,14.29,80.7317765402674,3.86,29.0674,34150738.41,40.7896,2.2845,2.67329832538183,21.447265625
603316.SH,2020,603316,2020,诚邦股份,浙江省,杭州市,0.0,10.92,81.4692032822238,3.56,36.5086,42226703.78,37.2748,2.2964,2.87512904028654,21.6075096130371
603316.SH,2021,603316,2021,诚邦股份,浙江省,杭州市,0.0,10.89,18.54145687229,3.48,29.2513,20140891.17,26.3926,133.8158,2.91419109463971,21.8101654052734
603316.SH,2022,603316,2022,诚邦股份,浙江省,杭州市,0.0,16.0,18.54145687229,3.21,22.215,-48789980.02,25.9199,2.1848,3.09601360993894,21.8257884979248
603316.SH,2023,603316,2023,诚邦股份,浙江省,杭州市,0.0,12.3,12.2719767957536,3.2,20.3836,-121000168.67,26.4977,2.1857,3.19816913214751,21.7770023345947
603357.SH,2019,603357,2019,设计总院,安徽省,合肥市,1.0,16.51,22.452779060506,4.28,44.7526,379735372.88,33.2822,1.3564,2.04646049042624,21.9426155090332
603357.SH,2020,603357,2020,设计总院,安徽省,合肥市,1.0,16.65,22.6692173651067,4.53,37.5825,422739312.96,31.0859,1.3798,2.32041117664832,22.1262588500977
603357.SH,2021,603357,2021,设计总院,安徽省,合肥市,1.0,18.65,25.5040210176149,4.3,37.6352,451597717.8,26.3926,41.2044,2.36372553165497,22.2042942047119
603357.SH,2022,603357,2022,设计总院,安徽省,合肥市,1.0,19.52,28.545443020747,4.54,29.58,506541546.16,25.9199,1.1885,2.58366784209901,22.4504661560059
603357.SH,2023,603357,2023,设计总院,安徽省,合肥市,1.0,18.4,31.0112064669044,5.01,28.8155,557691029.1,26.4977,1.2006,2.68804200158978,22.5973148345947
603637.SH,2019,603637,2019,镇海股份,浙江省,宁波市,1.0,23.02,27.8573551038057,3.03,32.2646,63620678.02,25.3314,2.2318,2.67329832538183,21.0148220062256
603637.SH,2020,603637,2020,镇海股份,浙江省,宁波市,1.0,20.55,28.8090308929994,3.14,36.5086,73392230.18,24.9097,2.177,2.87512904028654,21.048885345459
603637.SH,2021,603637,2021,镇海股份,浙江省,宁波市,1.0,23.33,30.3127363862127,3.21,32.6764,84829213.86,26.3926,243.1847,2.91419109463971,21.07541847229
603637.SH,2022,603637,2022,镇海股份,浙江省,宁波市,1.0,19.83,33.529500877643,6.04,22.215,117290472.54,25.9199,2.23,3.09601360993894,21.0675239562988
603637.SH,2023,603637,2023,镇海股份,浙江省,宁波市,1.0,20.0,33.7210456321884,6.05,32.3326,112853046.25,26.4977,2.2679,3.19816913214751,21.0703887939453
603778.SH,2019,603778,2019,乾景园林,北京市,北京市,0.0,17.51,100.0,3.29,36.4324,24208836.09,25.3314,2.8768,6.30153956400179,21.2655181884766
603778.SH,2020,603778,2020,乾景园林,北京市,北京市,0.0,28.5,0.443155168272679,4.45,29.1528,-91675019.79,24.9097,2.8696,6.47291511909034,21.4948310852051
603778.SH,2021,603778,2021,乾景园林,北京市,北京市,0.0,28.78,0.620709004769016,6.11,29.2513,-205396174.76,26.3926,225.1808,6.40585300251428,21.3256549835205
603778.SH,2022,603778,2022,乾景园林,北京市,北京市,0.0,29.82,1.13967830816318,5.88,22.215,-175495709.16,25.9199,2.7506,6.84467452558803,21.5935020446777
603778.SH,2023,603778,2023,国晟科技,北京市,北京市,0.0,13.8,3.61144618663539,5.12,20.3836,-83045048.2,26.4977,2.8095,6.73452038015845,21.8966255187988
603860.SH,2019,603860,2019,中公高科,北京市,北京市,1.0,19.72,7.22537395756911,6.93,29.0674,64894372.04,27.3882,2.8768,6.30153956400179,20.4425983428955
603860.SH,2020,603860,2020,中公高科,北京市,北京市,1.0,19.27,7.89589408856226,7.33,29.1528,39958926.58,31.0859,2.8696,6.47291511909034,20.4869041442871
603860.SH,2021,603860,2021,中公高科,北京市,北京市,1.0,22.0,9.09472164562901,6.26,36.6163,42310194.77,35.3112,225.1808,6.40585300251428,20.5175285339355
603860.SH,2022,603860,2022,中公高科,北京市,北京市,1.0,35.0,10.3773704150135,7.56,22.215,43987351.16,34.9353,2.7506,6.84467452558803,20.5822868347168
603860.SH,2023,603860,2023,中公高科,北京市,北京市,1.0,43.72,10.5133214491951,7.42,20.3836,58255379.05,35.5372,2.8095,6.73452038015845,20.6279067993164
603929.SH,2019,603929,2019,亚翔集成,江苏省,苏州市,0.0,15.01,27.5287099924444,3.13,36.4324,118825564.76,25.3314,2.5588,2.81735926971075,21.4780216217041
603929.SH,2020,603929,2020,亚翔集成,江苏省,苏州市,0.0,14.39,28.6484688241377,5.02,29.1528,-37622870.92,24.9097,2.3698,2.92383576327454,21.4051303863525
603929.SH,2021,603929,2021,亚翔集成,江苏省,苏州市,0.0,16.06,29.5266722530104,2.76,29.2513,26687422.23,26.3926,96.3273,2.92911398012137,21.5365257263184
603929.SH,2022,603929,2022,亚翔集成,江苏省,苏州市,0.0,12.04,33.5471372598461,3.16,29.58,179842422.87,25.9199,2.415,3.14149413584974,21.6683349609375
603929.SH,2023,603929,2023,亚翔集成,江苏省,苏州市,0.0,14.57,34.7066154174216,1.21,20.3836,345732902.66,26.4977,2.4065,3.28514878078835,21.9880962371826
603955.SH,2019,603955,2019,大千生态,江苏省,南京市,0.0,14.73,100.0,3.96,29.0674,117826709.89,25.3314,1.8427,2.81735926971075,21.9316234588623
603955.SH,2020,603955,2020,大千生态,江苏省,南京市,0.0,17.13,100.0,3.85,29.1528,129159155.03,24.9097,1.749,2.92383576327454,22.0083103179932
603955.SH,2021,603955,2021,大千生态,江苏省,南京市,0.0,18.81,100.0,4.04,36.6163,94306499.71,30.2865,80.7749,2.92911398012137,22.0258674621582
603955.SH,2022,603955,2022,大千生态,江苏省,南京市,0.0,9.87,100.0,4.68,22.215,31845961.97,29.9913,1.8313,3.14149413584974,21.9359340667725
603955.SH,2023,603955,2023,大千生态,江苏省,南京市,0.0,10.0,100.0,4.0,20.3836,-43568446.24,30.6469,1.9169,3.28514878078835,21.8056106567383
