Course_Name,Category,Duration (hours),Enrolled_Students,Completion_Rate (%),Platform,Price ($),Rank
Anon_Course_001,Business,40,4113,84.39326268,Platform1,74.71316723,4.907872801
Anon_Course_002,Business,40,2541,73.43917581,Platform1,97.1708525,4.195351213
Anon_Course_003,Data Science,40,3220,77.67584815,Platform2,67.53990938,4.359643222
Anon_Course_004,Data Science,40,4176,88.2732874,Platform3,88.9346569,4.661745679
Anon_Course_005,Design,40,4563,92.25752281,Platform2,72.87232547,4.851386955
Anon_Course_006,Design,40,2769,79.44224934,Platform1,76.08704621,4.022448262
Anon_Course_007,Finance,40,3381,81.04289262,Platform1,50.79496466,4.477390204
Anon_Course_008,Finance,40,3535,87.37372752,Platform4,54.62209112,4.432414264
Anon_Course_009,Marketing,40,3685,98.53482526,Platform3,61.29901788,4.971366527
Anon_Course_010,Marketing,40,2284,72.64307132,Platform1,67.40614571,4.093126793
Anon_Course_011,Office Tools,40,3981,79.01931801,Platform3,70.9630392,4.563147875
Anon_Course_012,Programming,40,2483,71.65349672,Platform3,99.87293765,4.082331897
Anon_Course_013,Business,41,3532,87.08444059,Platform3,54.17993934,4.648916263
Anon_Course_014,Business,41,3892,81.60935347,Platform2,73.84548761,4.78916605
Anon_Course_015,Business,41,4708,94.50593203,Platform2,87.813579,4.848357402
Anon_Course_016,Business,41,3059,81.34800652,Platform3,91.5749259,4.719767751
Anon_Course_017,Business,41,2605,89.84949103,Platform2,99.118611,4.192989191
Anon_Course_018,Design,41,3931,76.81404816,Platform4,81.5406827,4.281652551
Anon_Course_019,Finance,41,2399,74.44299445,Platform4,88.03592974,4.040175526
Anon_Course_020,Marketing,41,2964,87.70720301,Platform3,80.6296775,4.18106957
Anon_Course_021,Office Tools,41,2928,76.88601117,Platform2,74.81079022,4.249767423
Anon_Course_022,Office Tools,41,3704,97.43563626,Platform1,87.9730928,4.725529565
Anon_Course_023,Office Tools,41,2608,72.0642125,Platform2,89.5076473,4.119048506
Anon_Course_024,Programming,41,2582,86.25570775,Platform4,91.7217852,4.185899323
Anon_Course_025,Technology,41,3490,82.69659011,Platform4,54.60362106,4.507338843
Anon_Course_026,Business,42,2445,74.2331122,Platform1,82.6398963,4.109604475
Anon_Course_027,Data Science,42,3322,92.8736621,Platform1,65.65906414,4.942837365
Anon_Course_028,Data Science,42,3360,76.9962376,Platform1,95.9263772,4.466238422
Anon_Course_029,Design,42,2110,84.55914669,Platform2,95.6346162,4.15635079
Anon_Course_030,Finance,42,4527,96.91927674,Platform2,50.49443292,4.553940135
Anon_Course_031,Finance,42,3475,84.52127136,Platform1,51.06827043,4.604086453
Anon_Course_032,Marketing,42,3252,88.44471414,Platform2,90.6897606,4.37449001
Anon_Course_033,Office Tools,42,2058,79.67726587,Platform2,72.64675697,4.008666071
Anon_Course_034,Office Tools,42,3153,89.41134649,Platform3,97.68640597,4.441535295
Anon_Course_035,Office Tools,42,3528,89.70932912,Platform2,88.2380745,4.634084272
Anon_Course_036,Technology,42,2494,73.31612389,Platform4,82.2069418,4.109876307
Anon_Course_037,Business,43,2760,73.23768062,Platform3,86.4007674,4.250825704
Anon_Course_038,Data Science,43,3563,87.16167943,Platform4,76.17857408,4.392272213
Anon_Course_039,Finance,43,2909,73.0099179,Platform3,85.8151359,4.074330104
Anon_Course_040,Finance,43,4838,94.12958422,Platform2,84.9813775,4.667193784
Anon_Course_041,Office Tools,43,3697,89.85246865,Platform1,94.9945157,4.633162993
Anon_Course_042,Technology,43,3604,88.52831071,Platform2,50.60513224,4.612060728
Anon_Course_043,Data Science,44,4403,85.02960673,Platform3,91.33151777,4.987801216
Anon_Course_044,Design,44,3064,98.97634124,Platform2,70.54015972,4.724973305
Anon_Course_045,Design,44,3089,87.53268945,Platform1,83.9481217,4.427607964
Anon_Course_046,Design,44,3940,94.37130754,Platform2,99.5345634,4.902046338
Anon_Course_047,Finance,44,3925,86.21002389,Platform2,64.62849847,4.293300585
Anon_Course_048,Finance,44,2429,75.59734745,Platform3,87.4387205,4.115802184
Anon_Course_049,Marketing,44,3869,81.17450126,Platform3,59.20220743,4.502737409
Anon_Course_050,Marketing,44,4217,85.97477756,Platform4,85.3528407,4.806261308
Anon_Course_051,Office Tools,44,4648,93.41685111,Platform4,86.5403631,4.750332568
Anon_Course_052,Programming,44,4288,79.45808687,Platform3,89.9678768,4.646396878
Anon_Course_053,Programming,44,4189,92.73200593,Platform1,84.5375698,4.825509679
Anon_Course_054,Technology,44,2660,79.21036154,Platform2,64.99356701,4.20245221
Anon_Course_055,AI,45,3000,79.93989439,Platform4,58.81923916,4.163028456
Anon_Course_056,AI,45,4326,81.836419,Platform1,93.99105817,4.988445017
Anon_Course_057,AI,45,3841,83.82075442,Platform4,96.6549899,4.632043124
Anon_Course_058,Business,45,3885,88.96995816,Platform4,99.6052672,4.985238113
Anon_Course_059,Data Science,45,2711,80.51654934,Platform4,82.81436212,4.100515256
Anon_Course_060,Data Science,45,3949,80.92663368,Platform4,80.7263359,4.433999211
Anon_Course_061,Data Science,45,3618,89.74892064,Platform3,85.3879378,4.944363127
Anon_Course_062,Finance,45,3971,97.26348234,Platform3,85.52197288,4.628024762
Anon_Course_063,Marketing,45,3830,83.97553317,Platform2,65.93164019,4.525215254
Anon_Course_064,Office Tools,45,3373,85.96467729,Platform3,95.992803,4.635625058
Anon_Course_065,Programming,45,4581,80.63119844,Platform1,53.07067063,4.791418967
Anon_Course_066,Programming,45,2397,86.4279905,Platform2,94.9192894,4.1044261
Anon_Course_067,Technology,45,2908,78.89183411,Platform4,80.52766175,4.224087042
Anon_Course_068,Technology,45,3032,70.53771543,Platform4,91.7800911,4.630082109
Anon_Course_069,AI,46,3539,95.00296485,Platform3,72.5150121,4.829177679
Anon_Course_070,Data Science,46,3190,73.73632192,Platform1,94.0942924,4.339210911
Anon_Course_071,Data Science,46,2270,73.84039942,Platform4,82.4282589,4.188137564
Anon_Course_072,Design,46,2943,78.5374462,Platform3,64.62444242,4.148680971
Anon_Course_073,Finance,46,4211,92.98296566,Platform1,86.4448546,4.944379941
Anon_Course_074,Marketing,46,2857,76.68601626,Platform1,50.6506718,4.252704903
Anon_Course_075,Office Tools,46,2424,70.87563531,Platform1,60.35626699,4.324640971
Anon_Course_076,Technology,46,2363,80.19098429,Platform2,81.4531,4.049993135
Anon_Course_077,Business,47,2833,78.43787717,Platform4,53.15736651,4.107540074
Anon_Course_078,Business,47,3438,86.50717103,Platform2,73.01091032,4.951502607
Anon_Course_079,Design,47,4243,95.74578273,Platform4,79.85796155,4.844791884
Anon_Course_080,Design,47,3857,86.54588608,Platform1,98.33258807,4.838380025
Anon_Course_081,Finance,47,3560,96.81220629,Platform3,70.18750574,4.787957747
Anon_Course_082,Marketing,47,2615,85.54987551,Platform1,94.78450892,4.059915988
Anon_Course_083,Marketing,47,3276,86.31796359,Platform1,84.0024835,4.585616436
Anon_Course_084,Office Tools,47,4422,94.76679797,Platform1,85.29431467,4.839766168
Anon_Course_085,Office Tools,47,3957,88.53361169,Platform1,96.85408882,4.386963222
Anon_Course_086,Programming,47,3471,80.53461941,Platform1,87.69985584,4.473170547
Anon_Course_087,Programming,47,3549,98.34206553,Platform2,94.159871,4.926327003
Anon_Course_088,Programming,47,3732,84.06053253,Platform4,84.5858044,4.696217884
Anon_Course_089,Technology,47,3039,70.11117818,Platform1,72.3862594,4.44918502
Anon_Course_090,Technology,47,2332,78.72355014,Platform1,79.69301008,4.107954621
Anon_Course_091,AI,48,3647,83.32038741,Platform4,73.75903514,4.802796761
Anon_Course_092,Business,48,3775,71.68642165,Platform1,84.2925153,4.473755671
Anon_Course_093,Business,48,2313,72.96919354,Platform2,84.7955141,4.077796999
Anon_Course_094,Data Science,48,3098,74.21056101,Platform4,53.14016665,4.505367911
Anon_Course_095,Data Science,48,2528,88.32290993,Platform2,81.92235997,4.190111693
Anon_Course_096,Design,48,3182,92.12605993,Platform4,99.11204223,4.818646743
Anon_Course_097,Design,48,2802,71.50864886,Platform1,88.6274128,4.099600047
Anon_Course_098,Design,48,2909,81.96343023,Platform1,92.4484029,4.099772915
Anon_Course_099,Finance,48,2855,75.89276462,Platform3,64.71700843,4.153256899
Anon_Course_100,Marketing,48,3514,99.64503738,Platform3,57.31021212,4.806906514
Anon_Course_101,Marketing,48,4678,92.60398671,Platform4,81.8174595,4.891638301
Anon_Course_102,Marketing,48,2972,89.49848986,Platform2,96.812918,4.123094239
Anon_Course_103,Technology,48,3000,92.41988582,Platform3,80.1788321,4.981191345
Anon_Course_104,Technology,48,3518,87.31984513,Platform1,86.7315796,4.352282027
Anon_Course_105,Technology,48,3523,99.80073371,Platform1,99.0649366,4.752506764
Anon_Course_106,AI,49,3798,81.13715315,Platform1,88.3657653,4.593346611
Anon_Course_107,AI,49,4491,87.60335682,Platform1,98.638433,4.866356286
Anon_Course_108,Data Science,49,2551,83.25116391,Platform3,54.34815714,4.23054457
Anon_Course_109,Design,49,3925,81.43348404,Platform4,86.6727361,4.330279319
Anon_Course_110,Design,49,3998,78.16972461,Platform4,80.6189952,4.481154734
Anon_Course_111,Finance,49,4954,94.8978317,Platform4,82.6411622,4.840031017
Anon_Course_112,Marketing,49,3835,88.60541082,Platform3,72.27883884,4.842899924
Anon_Course_113,Marketing,49,3470,89.45440323,Platform3,97.5706701,4.41227317
Anon_Course_114,Marketing,49,3484,99.58435439,Platform2,88.6261419,4.590843666
Anon_Course_115,Programming,49,3129,96.25342009,Platform3,89.349439,4.82167979
Anon_Course_116,Design,50,2469,73.99643796,Platform3,81.5313465,4.009011629
Anon_Course_117,Marketing,50,3988,78.99539938,Platform2,59.52800612,4.447105817
Anon_Course_118,Programming,50,3518,81.05795471,Platform3,90.42747622,4.477032054
Anon_Course_119,Programming,50,3351,84.57239852,Platform1,80.1944615,4.473990454
Anon_Course_120,AI,51,2093,82.0500879,Platform3,74.55141066,4.112086523
Anon_Course_121,AI,51,3562,82.95676497,Platform4,86.14510299,4.639634402
Anon_Course_122,AI,51,3559,89.86777056,Platform2,87.0905813,4.608930763
Anon_Course_123,Finance,51,4986,98.47667551,Platform2,89.8912909,4.844171417
Anon_Course_124,Finance,51,4346,97.42381415,Platform3,98.6680905,4.913047666
Anon_Course_125,Finance,51,3476,91.87275354,Platform2,98.9586167,4.948439738
Anon_Course_126,Marketing,51,3722,98.73072711,Platform3,76.12569287,4.870211234
Anon_Course_127,Programming,51,2288,74.72143707,Platform2,57.97780399,4.107183166
Anon_Course_128,Programming,51,3911,84.89331895,Platform4,75.85104499,4.521576003
Anon_Course_129,Programming,51,3700,96.70235132,Platform2,87.7193347,4.991713269
Anon_Course_130,Programming,51,2864,71.54959299,Platform4,91.9081819,4.108167896
Anon_Course_131,AI,52,2005,73.07689572,Platform4,52.88543519,4.284412848
Anon_Course_132,AI,52,4041,91.56247336,Platform4,59.1999335,4.903170311
Anon_Course_133,AI,52,3522,81.59955563,Platform2,83.90528755,4.897027568
Anon_Course_134,AI,52,3437,77.17188515,Platform3,90.5376221,4.372052215
Anon_Course_135,AI,52,3781,84.88417169,Platform4,97.2903449,4.898580998
Anon_Course_136,Business,52,2725,88.74702859,Platform4,75.82928945,4.09487568
Anon_Course_137,Data Science,52,3243,72.83492947,Platform1,93.83395663,4.477275906
Anon_Course_138,Data Science,52,3678,81.18140656,Platform2,81.7880355,4.340379669
Anon_Course_139,Design,52,4520,81.24449934,Platform3,86.9693934,4.705956033
Anon_Course_140,Finance,52,4255,96.91164612,Platform1,82.4959978,4.850113075
Anon_Course_141,AI,53,3084,87.52879542,Platform2,88.32292947,4.753180671
Anon_Course_142,Business,53,3100,97.12680843,Platform4,52.44124146,4.830315354
Anon_Course_143,Business,53,2558,89.48392595,Platform4,58.08038623,4.186546582
Anon_Course_144,Data Science,53,3421,78.07540672,Platform2,86.3881507,4.510967526
Anon_Course_145,Design,53,3200,85.52926971,Platform2,69.10397785,4.424897813
Anon_Course_146,Design,53,2027,78.35778763,Platform2,99.6872061,4.13248264
Anon_Course_147,Finance,53,4558,91.31728071,Platform2,63.61103397,4.537656364
Anon_Course_148,Finance,53,4611,81.27723113,Platform4,72.05554192,4.858533197
Anon_Course_149,Finance,53,2852,71.10530645,Platform1,94.10013276,4.008398763
Anon_Course_150,Finance,53,3964,85.65297853,Platform3,93.3352941,4.439504893
Anon_Course_151,Office Tools,53,3433,94.53279718,Platform2,96.83148247,4.927397581
Anon_Course_152,AI,54,2886,70.4948181,Platform2,91.6035524,4.243901178
Anon_Course_153,Business,54,3241,89.983537,Platform1,60.36952086,4.332650754
Anon_Course_154,Data Science,54,2253,85.40703175,Platform2,67.7828209,4.051752195
Anon_Course_155,Data Science,54,2993,70.92000916,Platform1,96.0534562,4.233822681
Anon_Course_156,Finance,54,2935,73.80468051,Platform4,81.2253405,4.116865714
Anon_Course_157,Marketing,54,3541,84.60140264,Platform1,85.01836236,4.578269411
Anon_Course_158,Marketing,54,3254,73.31919415,Platform4,97.2466617,4.540131893
Anon_Course_159,Marketing,54,2842,70.82277359,Platform3,97.5721347,4.263809836
Anon_Course_160,Programming,54,2332,87.1628231,Platform4,79.87931653,4.019026897
Anon_Course_161,Business,55,4249,90.53016917,Platform4,97.3727639,4.846596011
Anon_Course_162,Data Science,55,2350,74.43886962,Platform2,89.1091712,4.10600198
Anon_Course_163,Finance,55,3720,82.11577985,Platform4,55.02558026,4.423198871
Anon_Course_164,Marketing,55,2488,79.58283693,Platform1,98.57253747,4.015836472
Anon_Course_165,Office Tools,55,3741,78.06764355,Platform1,81.57357565,4.425614019
Anon_Course_166,Office Tools,55,4794,97.02953702,Platform1,85.61388632,4.844102893
Anon_Course_167,Office Tools,55,2723,71.43124399,Platform2,89.4657734,4.198737769
Anon_Course_168,Technology,55,4642,81.53356394,Platform2,57.94540187,4.816175768
Anon_Course_169,Business,56,4936,91.72869088,Platform2,50.99475839,4.810939358
Anon_Course_170,Business,56,2259,79.52341791,Platform3,86.0904512,4.01388829
Anon_Course_171,Business,56,4882,97.92922295,Platform3,88.6115699,4.926669776
Anon_Course_172,Business,56,3050,92.00726173,Platform2,93.5988675,4.801398863
Anon_Course_173,Data Science,56,2604,73.88910888,Platform4,77.99331625,4.297248699
Anon_Course_174,Data Science,56,2985,73.45439383,Platform3,86.7945871,4.093822432
Anon_Course_175,Design,56,4891,96.42042078,Platform4,53.63815574,4.707831345
Anon_Course_176,Design,56,2395,73.4816573,Platform4,81.5653101,4.134669785
Anon_Course_177,Marketing,56,2367,78.1705179,Platform1,89.23610589,4.067139879
Anon_Course_178,Programming,56,2163,74.32446227,Platform2,62.00134635,4.255074243
Anon_Course_179,Programming,56,2623,79.19569517,Platform4,81.6588242,4.004582163
Anon_Course_180,AI,57,2877,75.80274067,Platform4,83.1073759,4.001995006
Anon_Course_181,Data Science,57,3703,77.10828084,Platform2,81.0226345,4.398685857
Anon_Course_182,Design,57,4679,90.06773047,Platform3,84.9689075,4.778229724
Anon_Course_183,Finance,57,3167,76.09283869,Platform3,96.9075194,4.420391252
Anon_Course_184,Marketing,57,3698,99.3036056,Platform4,94.9506652,4.58881585
Anon_Course_185,Marketing,57,3927,99.44878634,Platform3,97.393682,4.845254641
Anon_Course_186,Marketing,57,2987,82.36811071,Platform1,81.2796173,4.11086599
Anon_Course_187,Programming,57,2226,81.00576846,Platform3,65.55947204,4.062858369
Anon_Course_188,Programming,57,3952,73.28114894,Platform4,84.4488626,4.359795685
Anon_Course_189,Programming,57,3577,81.39132589,Platform1,85.9055007,4.421734334
Anon_Course_190,Technology,57,2668,73.96959938,Platform2,77.11559735,4.016575882
Anon_Course_191,Technology,57,3656,99.93188897,Platform1,88.049938,4.796407075
Anon_Course_192,AI,58,2494,79.20850346,Platform4,53.21643302,4.303155569
Anon_Course_193,AI,58,2211,77.21601775,Platform1,96.18755942,4.116121006
Anon_Course_194,AI,58,4028,97.53805808,Platform2,91.5537558,4.729559774
Anon_Course_195,Business,58,2273,83.15882516,Platform4,84.71367394,4.287222462
Anon_Course_196,Data Science,58,3962,80.78900532,Platform3,68.49430129,4.887149799
Anon_Course_197,Data Science,58,2179,72.17171142,Platform3,83.88173793,4.251611077
Anon_Course_198,Finance,58,3110,83.45878761,Platform4,66.86449868,4.408348589
Anon_Course_199,Finance,58,3423,90.76254142,Platform2,89.4282912,4.950577911
Anon_Course_200,Marketing,58,2243,77.27253404,Platform1,91.8787198,4.052504761
Anon_Course_201,Office Tools,58,3953,83.61835977,Platform3,77.55664981,4.470198008
Anon_Course_202,Programming,58,2715,83.51762518,Platform3,64.9271658,4.215255658
Anon_Course_203,Programming,58,3037,82.76093789,Platform2,86.65403533,4.957407329
Anon_Course_204,Programming,58,3601,96.34863314,Platform4,85.2705438,4.791579303
Anon_Course_205,AI,59,4934,85.06140448,Platform1,81.4055097,4.829532981
Anon_Course_206,Business,59,2413,74.98739208,Platform2,97.7270014,4.052927458
Anon_Course_207,Marketing,59,3008,92.88447249,Platform4,93.2015969,4.731686615
Anon_Course_208,Office Tools,59,3503,89.85926193,Platform2,80.45260688,4.726333795
Anon_Course_209,Office Tools,59,3395,82.70385497,Platform3,98.6027156,4.353630232
Anon_Course_210,Programming,59,3172,78.10566645,Platform2,58.63620103,4.389106741
Anon_Course_211,Programming,59,2592,72.09817295,Platform2,72.50134579,4.00530909
Anon_Course_212,Programming,59,3563,81.32489671,Platform4,74.10231548,4.568179905
Anon_Course_213,Programming,59,2653,79.24939896,Platform4,99.0731352,4.275152959
Anon_Course_214,Technology,59,2748,82.51979411,Platform2,77.86969612,4.022853554
Anon_Course_215,AI,60,3299,92.03207493,Platform2,81.8687513,4.74179022
Anon_Course_216,Design,60,3241,89.34337897,Platform1,84.4507627,4.474379792
Anon_Course_217,Programming,60,4827,96.75155379,Platform1,58.44582277,4.962121985
Anon_Course_218,Programming,60,4534,92.07334818,Platform2,75.09866678,4.679694915
Anon_Course_219,AI,61,3450,88.68354648,Platform4,114.3283483,4.650404203
Anon_Course_220,Business,61,3388,87.58765499,Platform4,114.3974707,4.36127393
Anon_Course_221,Business,61,3693,78.92737712,Platform1,105.5987341,4.744272147
Anon_Course_222,Business,61,3355,89.77072794,Platform2,118.1882235,4.671124754
Anon_Course_223,Data Science,61,3918,93.81033889,Platform1,111.8491073,4.989523855
Anon_Course_224,Design,61,3298,82.32148211,Platform1,117.208567,4.318709091
Anon_Course_225,Finance,61,3962,89.66074263,Platform3,102.0503448,4.446043096
Anon_Course_226,Marketing,61,4286,85.04477937,Platform1,119.3101314,4.584148237
Anon_Course_227,Marketing,61,2042,80.42888371,Platform4,125.1974799,4.17474782
Anon_Course_228,Programming,61,2721,74.22135946,Platform2,110.3456019,4.018902378
Anon_Course_229,Programming,61,2096,81.3251303,Platform4,110.7261353,4.213903901
Anon_Course_230,Technology,61,4041,84.08826593,Platform3,101.9581075,4.326559748
Anon_Course_231,AI,62,3974,74.25800399,Platform1,110.7694517,4.40277471
Anon_Course_232,AI,62,3628,80.86925307,Platform1,119.4858506,4.404954418
Anon_Course_233,AI,62,3209,76.99237266,Platform3,111.1310822,4.427328002
Anon_Course_234,AI,62,2769,87.80835623,Platform2,137.8278827,4.110951086
Anon_Course_235,Business,62,2113,81.98805112,Platform4,110.7193781,4.164113918
Anon_Course_236,Data Science,62,3378,77.41554537,Platform2,106.7114801,4.568338941
Anon_Course_237,Data Science,62,3386,79.61687427,Platform3,108.9846692,4.578999325
Anon_Course_238,Data Science,62,2321,71.77878824,Platform1,114.5627743,4.014539282
Anon_Course_239,Design,62,3035,83.8326093,Platform2,118.4531491,4.303269296
Anon_Course_240,Finance,62,3809,95.31219644,Platform2,112.6803745,4.66759561
Anon_Course_241,Finance,62,3342,87.26604157,Platform2,111.8702881,4.21234635
Anon_Course_242,Marketing,62,2636,71.83598233,Platform4,114.1198495,4.20483346
Anon_Course_243,Marketing,62,3273,85.88421744,Platform1,115.8550572,4.369932166
Anon_Course_244,Marketing,62,3032,91.51624205,Platform4,118.3705368,4.835965725
Anon_Course_245,Marketing,62,2075,83.83635254,Platform4,138.9335542,4.177659145
Anon_Course_246,Programming,62,3815,73.21680725,Platform4,126.1144275,4.473702544
Anon_Course_247,Technology,62,2174,78.35807398,Platform2,106.7345247,4.308236976
Anon_Course_248,AI,63,2430,85.82920726,Platform4,117.9621294,4.083487897
Anon_Course_249,AI,63,4897,87.2539209,Platform3,118.9043749,4.707688081
Anon_Course_250,AI,63,3951,84.0216225,Platform2,119.5053024,4.583247834
Anon_Course_251,Marketing,63,2923,79.31113786,Platform1,118.7915062,4.015500441
Anon_Course_252,Marketing,63,3273,78.17783799,Platform1,107.0656635,4.314326678
Anon_Course_253,Programming,63,4159,95.80128821,Platform4,119.5234687,4.701417706
Anon_Course_254,Programming,63,3781,81.55771479,Platform3,133.9890282,4.308927244
Anon_Course_255,Technology,63,4557,81.65191303,Platform1,110.1695039,4.738153462
Anon_Course_256,Technology,63,3924,83.28201716,Platform3,127.8408081,4.095278677
Anon_Course_257,Technology,63,3338,75.35765738,Platform3,149.4779583,4.595876872
Anon_Course_258,AI,64,2428,74.64513189,Platform2,120.8914383,4.012485091
Anon_Course_259,AI,64,2300,76.88194386,Platform3,130.1777592,4.086152962
Anon_Course_260,Design,64,2753,74.55993335,Platform2,115.6516316,4.090100087
Anon_Course_261,Finance,64,2064,70.68271352,Platform3,102.503378,4.045222235
Anon_Course_262,Finance,64,2606,77.56876493,Platform3,130.6032695,4.126014169
Anon_Course_263,Office Tools,64,3940,82.87476085,Platform3,119.6646767,4.471436222
Anon_Course_264,Technology,64,3140,85.56195433,Platform2,110.5140089,4.372198721
Anon_Course_265,AI,65,4110,89.83453333,Platform1,111.1226159,4.994732649
Anon_Course_266,AI,65,2552,71.77025287,Platform1,103.3576089,4.030892007
Anon_Course_267,AI,65,3490,95.97032715,Platform2,115.0315799,4.895870864
Anon_Course_268,Data Science,65,3131,88.75653883,Platform3,134.3525256,4.494699098
Anon_Course_269,Finance,65,4535,94.9361894,Platform3,100.6605148,4.63540516
Anon_Course_270,Finance,65,2411,78.02754629,Platform2,108.4368043,4.122784549
Anon_Course_271,Finance,65,3056,78.32633975,Platform2,112.3501639,4.236869091
Anon_Course_272,Marketing,65,3441,91.62792226,Platform3,102.9063909,4.703855816
Anon_Course_273,Marketing,65,2546,76.89784759,Platform4,122.648976,4.077873501
Anon_Course_274,Programming,65,3642,83.48862463,Platform4,103.7390239,4.573555336
Anon_Course_275,Technology,65,2610,70.93013008,Platform2,110.9903763,4.210881369
Anon_Course_276,Technology,65,3366,74.49927153,Platform2,111.5462298,4.321017124
Anon_Course_277,AI,66,4612,95.06386028,Platform1,114.8084946,4.666206114
Anon_Course_278,Design,66,2336,85.09509658,Platform4,102.6024061,4.015398581
Anon_Course_279,Design,66,2908,75.13992381,Platform2,130.1380247,4.197362641
Anon_Course_280,Finance,66,3729,99.4407732,Platform4,114.4666344,4.507053212
Anon_Course_281,Finance,66,3238,76.68788393,Platform4,107.5740316,4.359438729
Anon_Course_282,Finance,66,2294,77.87766502,Platform3,107.5891937,4.186998251
Anon_Course_283,Finance,66,3311,78.57726849,Platform1,107.5703102,4.21593625
Anon_Course_284,Finance,66,3789,77.20032042,Platform2,107.9430595,4.418734616
Anon_Course_285,Finance,66,3637,99.53257272,Platform4,112.003956,4.745509788
Anon_Course_286,Marketing,66,3058,93.88610217,Platform2,103.455434,4.580829716
Anon_Course_287,Marketing,66,3424,74.39400309,Platform1,117.1037335,4.437320968
Anon_Course_288,Office Tools,66,2511,75.33329429,Platform4,119.0492884,4.188978394
Anon_Course_289,Office Tools,66,3787,76.03339158,Platform2,105.8435056,4.47864382
Anon_Course_290,Office Tools,66,3824,70.68793019,Platform3,134.2173597,4.596179989
Anon_Course_291,Office Tools,66,3985,98.62332776,Platform3,141.7968092,4.747766143
Anon_Course_292,Programming,66,3667,79.36830069,Platform2,108.6017025,4.584143784
Anon_Course_293,Programming,66,3315,85.05316159,Platform3,100.0956499,4.521223315
Anon_Course_294,Programming,66,3037,80.31877913,Platform3,144.5580678,4.632565126
Anon_Course_295,Technology,66,3572,81.82841303,Platform1,116.715588,4.413442672
Anon_Course_296,Technology,66,3725,89.10270691,Platform1,107.7131338,4.545111101
Anon_Course_297,AI,67,2913,82.39748317,Platform4,119.0995104,4.288063113
Anon_Course_298,Business,67,3122,86.09627749,Platform1,101.2313956,4.610509849
Anon_Course_299,Business,67,3353,81.10860902,Platform2,110.1917009,4.335525426
Anon_Course_300,Business,67,3808,99.98902241,Platform1,119.4448756,4.855159881
Anon_Course_301,Data Science,67,4265,98.27709219,Platform2,118.1925673,4.742801383
Anon_Course_302,Data Science,67,3328,81.98208259,Platform1,113.0462265,4.468377433
Anon_Course_303,Data Science,67,2725,86.39926836,Platform2,113.1956169,4.140254427
Anon_Course_304,Data Science,67,3257,89.72794285,Platform2,134.9650374,4.824359893
Anon_Course_305,Design,67,3255,81.68014489,Platform1,117.9138413,4.531805918
Anon_Course_306,Finance,67,3597,97.42461314,Platform3,124.2462193,4.963163165
Anon_Course_307,Marketing,67,3517,97.86737833,Platform3,107.2530535,4.928767019
Anon_Course_308,Marketing,67,3148,86.0043962,Platform3,108.486227,4.577326017
Anon_Course_309,Marketing,67,3733,72.90951648,Platform2,111.9842357,4.337452027
Anon_Course_310,Marketing,67,4509,93.49097417,Platform2,142.7957858,4.79961336
Anon_Course_311,Programming,67,3550,84.4905986,Platform3,113.1773592,4.32307646
Anon_Course_312,Programming,67,3410,79.51901402,Platform4,129.4520585,4.619352657
Anon_Course_313,Technology,67,3433,74.31242571,Platform1,105.2471073,4.336727249
Anon_Course_314,AI,68,3711,73.41456249,Platform2,110.540327,4.633045462
Anon_Course_315,Business,68,3681,81.9159024,Platform1,111.1848044,4.528264327
Anon_Course_316,Data Science,68,3318,87.4770457,Platform4,110.0262111,4.516543554
Anon_Course_317,Design,68,4889,95.02515192,Platform2,110.7045355,4.858657893
Anon_Course_318,Design,68,3342,88.43239171,Platform2,119.6353299,4.280996525
Anon_Course_319,Design,68,2562,73.30821125,Platform4,111.0128027,4.005715628
Anon_Course_320,Design,68,3399,77.22678227,Platform2,118.8134983,4.560891617
Anon_Course_321,Finance,68,2279,79.9494518,Platform3,122.3792932,4.206352515
Anon_Course_322,Finance,68,3288,87.75011185,Platform3,129.4493901,4.253041693
Anon_Course_323,Marketing,68,3058,94.19542182,Platform1,113.5495737,4.804808537
Anon_Course_324,Office Tools,68,3194,72.56608545,Platform4,107.4079239,4.537915366
Anon_Course_325,Office Tools,68,4596,95.94546555,Platform4,107.5487609,4.747735081
Anon_Course_326,Office Tools,68,4076,85.8617597,Platform3,107.9174558,4.899141851
Anon_Course_327,Office Tools,68,3707,75.53223235,Platform4,130.9642302,4.711515616
Anon_Course_328,Programming,68,4854,98.63744474,Platform1,110.2362915,4.921084148
Anon_Course_329,Technology,68,3057,75.6364325,Platform2,113.7533645,4.551088511
Anon_Course_330,Technology,68,2850,86.14157235,Platform1,107.0256237,4.122216978
Anon_Course_331,Technology,68,2159,72.24433094,Platform2,116.8463748,4.208713079
Anon_Course_332,Technology,68,3437,99.62242911,Platform3,121.6558796,4.751441841
Anon_Course_333,AI,69,3012,88.36774974,Platform1,103.4117582,4.548851709
Anon_Course_334,AI,69,3064,87.88547787,Platform3,108.2398378,4.545377971
Anon_Course_335,AI,69,2384,85.03430373,Platform1,105.6414438,4.054103269
Anon_Course_336,Data Science,69,3824,84.60980546,Platform2,112.1391929,4.832436059
Anon_Course_337,Data Science,69,3638,83.30507232,Platform1,107.9628127,4.932944929
Anon_Course_338,Design,69,3517,80.35394204,Platform2,116.582425,4.377026517
Anon_Course_339,Design,69,2048,74.12693068,Platform3,117.2958528,4.231378817
Anon_Course_340,Finance,69,3648,91.44352271,Platform2,110.2707879,4.712423467
Anon_Course_341,Finance,69,3203,91.01713289,Platform2,112.8248009,4.697096538
Anon_Course_342,Finance,69,2811,72.36348869,Platform1,112.9548114,4.178058644
Anon_Course_343,Finance,69,2257,88.06040336,Platform4,109.4464086,4.007653028
Anon_Course_344,Finance,69,3669,78.63443486,Platform1,113.5825667,4.34225771
Anon_Course_345,Finance,69,3149,84.69107443,Platform4,109.0516874,4.273206356
Anon_Course_346,Marketing,69,4097,85.58999971,Platform3,108.240555,4.730956562
Anon_Course_347,Programming,69,3422,85.56457483,Platform3,139.3735955,4.602880498
Anon_Course_348,Technology,69,3807,86.00402779,Platform1,112.927842,4.633424212
Anon_Course_349,AI,70,2386,75.24920862,Platform2,114.0116178,4.109672757
Anon_Course_350,AI,70,2504,77.91148989,Platform3,106.7666298,4.091009107
Anon_Course_351,AI,70,4292,88.2517235,Platform4,112.5005109,4.935692629
Anon_Course_352,AI,70,3333,82.82206789,Platform2,127.8620638,4.920516479
Anon_Course_353,AI,70,2976,72.72108481,Platform2,135.0849724,4.208930617
Anon_Course_354,Business,70,3971,83.0463668,Platform2,116.3309,4.717610301
Anon_Course_355,Business,70,3344,83.25675204,Platform3,101.6819242,4.464203835
Anon_Course_356,Business,70,3301,79.61478163,Platform1,139.8216679,4.579764992
Anon_Course_357,Data Science,70,3931,81.72386275,Platform2,124.8880985,4.460381906
Anon_Course_358,Data Science,70,2167,87.91331499,Platform2,128.4264022,4.244040546
Anon_Course_359,Finance,70,3410,77.98573077,Platform3,107.2113067,4.343108748
Anon_Course_360,Marketing,70,4725,97.42461314,Platform4,115.9696218,4.972239223
Anon_Course_361,Office Tools,70,2162,84.84398219,Platform4,113.452443,4.332178624
Anon_Course_362,Office Tools,70,4599,88.58178176,Platform1,132.0652861,4.960059712
Anon_Course_363,Programming,70,3021,80.2149496,Platform3,101.8526074,4.613793563
Anon_Course_364,Programming,70,3023,89.88829453,Platform2,101.7559347,4.322152005
Anon_Course_365,Programming,70,3070,95.00175362,Platform3,111.2174442,4.735906331
Anon_Course_366,Programming,70,2144,77.10934388,Platform4,119.5462596,4.085374533
Anon_Course_367,Technology,70,2365,72.87811216,Platform3,115.4322355,4.290018006
Anon_Course_368,AI,71,3242,72.09151106,Platform1,117.6621142,4.592177477
Anon_Course_369,AI,71,4443,93.23336623,Platform4,105.0882052,4.703234623
Anon_Course_370,Business,71,2413,87.25720237,Platform3,109.8101586,4.067483372
Anon_Course_371,Data Science,71,2144,74.3866257,Platform2,117.3402981,4.280825934
Anon_Course_372,Design,71,3096,79.34153276,Platform2,115.2030764,4.385510418
Anon_Course_373,Design,71,3698,96.20312323,Platform1,133.7099842,4.925138135
Anon_Course_374,Finance,71,3028,99.64503738,Platform4,111.4238397,4.904661594
Anon_Course_375,Finance,71,2595,81.43555066,Platform3,111.4496829,4.146281095
Anon_Course_376,Finance,71,4702,80.10114627,Platform3,129.5095135,4.800968723
Anon_Course_377,Marketing,71,3169,99.52832282,Platform4,114.9158767,4.895218302
Anon_Course_378,Office Tools,71,3341,85.57669399,Platform3,109.426433,4.539664175
Anon_Course_379,Office Tools,71,3323,92.10938757,Platform2,101.628558,4.968610482
Anon_Course_380,Programming,71,2874,85.78486575,Platform1,115.2066604,4.129898243
Anon_Course_381,Programming,71,3329,81.58128013,Platform1,106.6266153,4.438277673
Anon_Course_382,Technology,71,3224,74.44949643,Platform3,106.1292533,4.198674586
Anon_Course_383,AI,72,3221,96.07486364,Platform1,107.3105582,4.859274532
Anon_Course_384,Business,72,4457,81.07983886,Platform3,131.5476354,4.997626903
Anon_Course_385,Data Science,72,2055,79.55023733,Platform3,116.574676,4.077688442
Anon_Course_386,Design,72,4238,97.62065768,Platform2,115.7266477,4.611007764
Anon_Course_387,Design,72,3089,97.2289633,Platform2,108.8115602,4.689476968
Anon_Course_388,Design,72,2341,83.93139078,Platform4,101.32681,4.002059072
Anon_Course_389,Design,72,3878,85.8234655,Platform2,117.0561545,4.288323003
Anon_Course_390,Design,72,3085,96.05515238,Platform1,105.4572049,4.721428363
Anon_Course_391,Finance,72,3269,85.3411832,Platform2,114.3455256,4.473683181
Anon_Course_392,Marketing,72,3713,88.64621473,Platform1,115.4065368,4.62391943
Anon_Course_393,Marketing,72,3473,75.26082911,Platform2,108.4003618,4.406449405
Anon_Course_394,Office Tools,72,2288,76.75718432,Platform3,135.8054934,4.219629229
Anon_Course_395,Programming,72,4633,97.41278421,Platform2,102.2871972,4.815316705
Anon_Course_396,Programming,72,2404,71.57934757,Platform4,146.7990997,4.292151126
Anon_Course_397,Technology,72,3079,74.99276423,Platform2,118.3300925,4.472729012
Anon_Course_398,Technology,72,4294,93.90629392,Platform4,100.8992839,4.852793177
Anon_Course_399,Technology,72,3241,71.10120414,Platform4,138.8468854,4.423790906
Anon_Course_400,AI,73,3893,83.91511185,Platform1,117.3166146,4.635321463
Anon_Course_401,AI,73,3820,77.41845514,Platform3,149.5605011,4.454383693
Anon_Course_402,Business,73,4541,96.30942056,Platform4,118.2596027,4.806977679
Anon_Course_403,Data Science,73,3554,72.78351928,Platform3,106.2554744,4.606203121
Anon_Course_404,Data Science,73,4150,87.76794323,Platform4,113.4289176,4.81715009
Anon_Course_405,Data Science,73,3884,91.30112589,Platform1,100.2472277,4.648183071
Anon_Course_406,Design,73,3382,85.71336883,Platform1,116.3411147,4.397735342
Anon_Course_407,Finance,73,4376,96.31440101,Platform4,108.2345024,4.988274044
Anon_Course_408,Finance,73,3571,84.02549636,Platform4,111.409192,4.84607722
Anon_Course_409,Finance,73,2503,70.03968608,Platform2,119.9197614,4.200844498
Anon_Course_410,Finance,73,3104,86.55302965,Platform3,109.0723083,4.758812405
Anon_Course_411,Marketing,73,3494,76.0845798,Platform4,118.6203369,4.497326796
Anon_Course_412,Marketing,73,2682,71.81406621,Platform2,119.5180477,4.172540534
Anon_Course_413,Office Tools,73,3142,94.71380846,Platform4,106.9008021,4.843486906
Anon_Course_414,Office Tools,73,4745,84.12213725,Platform3,114.1640494,4.905211661
Anon_Course_415,Business,74,2742,71.18436454,Platform4,111.6874753,4.007841976
Anon_Course_416,Data Science,74,2482,74.20426856,Platform3,117.8653037,4.111784686
Anon_Course_417,Design,74,3997,88.66266384,Platform4,112.7370945,4.334598671
Anon_Course_418,Design,74,3599,87.28339694,Platform2,118.2814598,4.419124494
Anon_Course_419,Design,74,3171,72.74731654,Platform2,120.8654467,4.492780839
Anon_Course_420,Finance,74,3024,82.52556832,Platform4,116.6727919,4.372688695
Anon_Course_421,Finance,74,3505,71.47925232,Platform1,124.5421059,4.270715445
Anon_Course_422,Office Tools,74,3481,97.57292111,Platform3,119.9907255,4.963896874
Anon_Course_423,Office Tools,74,3987,71.09394211,Platform2,109.5906744,4.678863132
Anon_Course_424,Office Tools,74,3397,99.70187945,Platform4,102.0416395,4.969895422
Anon_Course_425,Programming,74,4137,91.18608275,Platform2,115.3183305,4.905697339
Anon_Course_426,Programming,74,3654,80.98074942,Platform3,113.3532877,4.505116001
Anon_Course_427,Programming,74,3297,79.08656666,Platform2,101.409538,4.425235327
Anon_Course_428,Programming,74,2337,81.72018429,Platform4,108.5278773,4.021126721
Anon_Course_429,Technology,74,2808,83.42958264,Platform2,116.9404748,4.153385519
Anon_Course_430,AI,75,4860,96.06841589,Platform2,101.8262579,4.73412765
Anon_Course_431,AI,75,3910,89.26936343,Platform3,119.2404281,4.7395287
Anon_Course_432,Business,75,4049,87.72054058,Platform1,112.8081524,4.622211884
Anon_Course_433,Business,75,2621,70.01376276,Platform1,134.1291065,4.032935257
Anon_Course_434,Data Science,75,3893,97.90843748,Platform1,128.623722,4.973297597
Anon_Course_435,Data Science,75,3064,90.38849645,Platform1,133.6356969,4.992792667
Anon_Course_436,Marketing,75,2637,72.82702087,Platform2,110.8278521,4.234242072
Anon_Course_437,Marketing,75,3799,96.7956851,Platform2,113.0782815,4.613152755
Anon_Course_438,Marketing,75,2516,80.12692571,Platform1,115.2218245,4.198476554
Anon_Course_439,Marketing,75,3996,79.97844592,Platform3,118.8609054,4.499721677
Anon_Course_440,Marketing,75,2239,72.68137824,Platform3,110.5764096,4.163526842
Anon_Course_441,Marketing,75,3593,83.47092231,Platform4,141.4908244,4.561273974
Anon_Course_442,Technology,75,3890,91.2034557,Platform2,135.7175888,4.900223678
Anon_Course_443,AI,76,3485,82.83574956,Platform1,114.9954779,4.536234453
Anon_Course_444,AI,76,2378,78.85639243,Platform2,103.6562385,4.285149317
Anon_Course_445,AI,76,4379,89.73153925,Platform4,127.8423583,4.721503932
Anon_Course_446,Business,76,3164,87.40002872,Platform4,108.7290287,4.896333556
Anon_Course_447,Business,76,3640,85.01326236,Platform1,115.1870988,4.488237667
Anon_Course_448,Business,76,2732,76.99325814,Platform4,107.6936346,4.149453417
Anon_Course_449,Business,76,4189,99.49016103,Platform4,145.8258463,4.809191851
Anon_Course_450,Data Science,76,3677,76.90057785,Platform3,142.1618985,4.42080933
Anon_Course_451,Design,76,3073,79.32560465,Platform3,110.9884107,4.268337533
Anon_Course_452,Design,76,4263,91.79877492,Platform3,100.9581833,4.709122871
Anon_Course_453,Design,76,2793,75.88500242,Platform2,112.0801083,4.21166939
Anon_Course_454,Design,76,3013,84.11008417,Platform1,109.1528875,4.718324733
Anon_Course_455,Office Tools,76,3274,83.4118196,Platform4,118.4568311,4.478672286
Anon_Course_456,Office Tools,76,3144,96.22320397,Platform3,106.8768884,4.731261244
Anon_Course_457,Office Tools,76,2410,76.78836468,Platform4,109.7403443,4.341779836
Anon_Course_458,Office Tools,76,2548,70.91701783,Platform3,144.2275193,4.16991006
Anon_Course_459,Programming,76,4780,95.47797293,Platform4,103.6968387,4.815325395
Anon_Course_460,Programming,76,3892,94.75094849,Platform2,105.4430071,4.720134373
Anon_Course_461,Technology,76,3944,87.70069044,Platform2,111.8247971,4.329044213
Anon_Course_462,AI,77,4847,89.86413731,Platform2,110.5352535,4.67877969
Anon_Course_463,AI,77,3162,77.15255887,Platform2,136.1391936,4.402444256
Anon_Course_464,Business,77,3841,75.44587518,Platform3,116.9728202,4.599476186
Anon_Course_465,Business,77,2358,84.21554342,Platform3,118.1713711,4.157656713
Anon_Course_466,Business,77,2805,71.73329326,Platform1,110.5284105,4.067256155
Anon_Course_467,Business,77,3134,74.7897764,Platform3,142.4713849,4.482171258
Anon_Course_468,Data Science,77,4350,85.66899672,Platform2,115.9023606,4.848275815
Anon_Course_469,Finance,77,3670,81.39513723,Platform1,114.5931413,4.75545246
Anon_Course_470,Finance,77,3429,90.93644662,Platform3,105.8208033,4.881621977
Anon_Course_471,Finance,77,2866,78.98291029,Platform1,116.3224745,4.027885722
Anon_Course_472,Finance,77,3832,98.53482526,Platform2,140.2217547,4.958176453
Anon_Course_473,Office Tools,77,3133,82.49924797,Platform1,102.4354386,4.422799484
Anon_Course_474,Office Tools,77,3396,83.62216947,Platform2,100.2594965,4.432442955
Anon_Course_475,Office Tools,77,3799,81.18434492,Platform3,121.1327925,4.548592647
Anon_Course_476,Programming,77,2144,81.29631287,Platform2,112.4983401,4.008330099
Anon_Course_477,Technology,77,3967,93.20412575,Platform1,102.6367144,4.734414155
Anon_Course_478,AI,78,3751,77.388852,Platform1,113.931991,4.609039684
Anon_Course_479,AI,78,2907,79.90351293,Platform2,124.8017591,4.056408925
Anon_Course_480,Business,78,3553,88.39882313,Platform2,110.1963253,4.764107345
Anon_Course_481,Data Science,78,4549,86.71713847,Platform1,116.5897527,4.911221114
Anon_Course_482,Data Science,78,3115,82.45068589,Platform1,105.5433445,4.368495183
Anon_Course_483,Data Science,78,3813,78.2824044,Platform1,104.4414954,4.436119093
Anon_Course_484,Data Science,78,4396,93.26148106,Platform3,148.2396689,4.743026586
Anon_Course_485,Design,78,3010,87.61902619,Platform1,125.9959079,4.750108694
Anon_Course_486,Design,78,2783,72.84493122,Platform3,136.1705484,4.211593596
Anon_Course_487,Finance,78,2879,77.49144558,Platform4,136.782298,4.068014431
Anon_Course_488,Marketing,78,3984,73.82331378,Platform2,109.6534092,4.453515407
Anon_Course_489,Marketing,78,3811,85.05885164,Platform1,109.9363537,4.295353765
Anon_Course_490,Office Tools,78,3263,91.04088869,Platform2,108.2254554,4.75937512
Anon_Course_491,Office Tools,78,3313,95.79306769,Platform4,113.5054077,4.814577709
Anon_Course_492,Office Tools,78,3219,97.92500277,Platform1,114.2143816,4.867621968
Anon_Course_493,Programming,78,3676,80.45977392,Platform3,116.2645901,4.465440607
Anon_Course_494,Programming,78,3023,96.96470134,Platform3,106.6507749,4.663133099
Anon_Course_495,Programming,78,3030,94.01583104,Platform4,116.3493825,4.863693628
Anon_Course_496,Technology,78,3474,79.89337644,Platform4,111.6111802,4.467504599
Anon_Course_497,AI,79,3556,98.49543652,Platform4,114.6755793,4.91279748
Anon_Course_498,AI,79,3594,81.25515159,Platform3,115.4890091,4.688898629
Anon_Course_499,AI,79,4150,97.10364323,Platform3,104.282524,4.815917654
Anon_Course_500,Business,79,3983,75.77920187,Platform1,100.7858927,4.590510929
Anon_Course_501,Business,79,3183,80.42895442,Platform2,131.0972058,4.888925564
Anon_Course_502,Data Science,79,3071,91.86301783,Platform4,104.6861592,4.955943134
Anon_Course_503,Data Science,79,3618,93.40623572,Platform1,130.8762747,4.937515054
Anon_Course_504,Design,79,3704,86.98969795,Platform2,101.7838959,4.847222622
Anon_Course_505,Design,79,2949,75.9391499,Platform3,108.5104096,4.112080136
Anon_Course_506,Design,79,2572,79.52826786,Platform2,104.1658781,4.166634084
Anon_Course_507,Design,79,3301,88.00664226,Platform3,104.2043929,4.682396902
Anon_Course_508,Design,79,3145,72.17341786,Platform4,111.7676232,4.433145741
Anon_Course_509,Design,79,4860,99.58761084,Platform3,125.6509684,4.847622269
Anon_Course_510,Finance,79,2385,74.84261749,Platform1,111.4808076,4.204151353
Anon_Course_511,Marketing,79,3410,88.59120402,Platform4,106.8532635,4.414700556
Anon_Course_512,Marketing,79,2747,78.2124406,Platform3,103.3998414,4.062146588
Anon_Course_513,Marketing,79,3953,95.05094627,Platform1,110.3511392,4.594191477
Anon_Course_514,Marketing,79,3553,82.89633521,Platform4,116.7463845,4.558629656
Anon_Course_515,Programming,79,2522,76.91806104,Platform4,111.8246414,4.087417254
Anon_Course_516,Programming,79,3028,97.99716848,Platform2,134.5660517,4.92486398
Anon_Course_517,AI,80,3375,79.42150646,Platform4,126.8740787,4.361362231
Anon_Course_518,AI,80,4941,80.66400775,Platform1,139.3494692,4.808228235
Anon_Course_519,AI,80,2851,73.97491085,Platform1,130.0742538,4.193753486
Anon_Course_520,Business,80,3393,84.40944501,Platform1,117.1212034,4.606339644
Anon_Course_521,Business,80,3080,73.15628261,Platform3,136.0686647,4.353749333
Anon_Course_522,Data Science,80,2635,70.36540903,Platform4,111.7113004,4.322993029
Anon_Course_523,Data Science,80,3829,99.21644819,Platform2,127.6069239,4.754133831
Anon_Course_524,Data Science,80,3610,77.23575186,Platform4,131.7536386,4.478989745
Anon_Course_525,Design,80,2816,70.86251389,Platform4,115.069775,4.06515343
Anon_Course_526,Design,80,3368,87.60850992,Platform3,141.2921042,4.879372977
Anon_Course_527,Finance,80,4474,96.14282752,Platform2,110.4449098,4.617540224
Anon_Course_528,Finance,80,4596,75.15338307,Platform4,102.4603913,4.474343896
Anon_Course_529,Finance,80,3272,76.46535019,Platform4,131.215774,4.323222759
Anon_Course_530,Finance,80,2584,87.42563579,Platform1,134.6345974,4.073186017
Anon_Course_531,Finance,80,3096,87.58444528,Platform4,142.8712554,4.394341391
Anon_Course_532,Marketing,80,3376,82.78743957,Platform2,112.9182323,4.366034575
Anon_Course_533,Marketing,80,3936,85.92872563,Platform2,112.9466262,4.46248019
Anon_Course_534,Marketing,80,2845,77.66036102,Platform1,143.7014057,4.233232767
Anon_Course_535,Marketing,80,3331,82.77425296,Platform2,136.9301691,4.946218125
Anon_Course_536,Office Tools,80,2265,87.52567922,Platform2,121.0360361,4.294131934
Anon_Course_537,Office Tools,80,2102,89.25394708,Platform2,126.5466402,4.077236699
Anon_Course_538,Programming,80,3299,84.03878767,Platform4,117.5470145,4.901246361
Anon_Course_539,Programming,80,4191,90.31270024,Platform2,119.7861948,4.68728592
Anon_Course_540,Programming,80,3080,84.3696965,Platform4,105.9828717,4.588583115
Anon_Course_541,Programming,80,2577,70.93209836,Platform3,109.6141353,4.243868978
Anon_Course_542,Programming,80,2207,72.16531149,Platform3,137.2397062,4.077478547
Anon_Course_543,Technology,80,2689,87.02199398,Platform3,132.2341983,4.2035039
Anon_Course_544,Technology,80,2754,79.03722049,Platform1,142.8983964,4.148551736
Anon_Course_545,Technology,80,3899,78.42460004,Platform4,147.1257376,4.673957389
Anon_Course_546,Technology,80,3595,90.48162595,Platform2,132.6621747,4.780936413
Anon_Course_547,Business,81,2455,77.70260805,Platform3,174.3341839,4.09818614
Anon_Course_548,Data Science,81,3211,85.66775031,Platform2,145.0369938,4.589563647
Anon_Course_549,Data Science,81,4331,86.58670758,Platform2,182.7913607,4.954877974
Anon_Course_550,Data Science,81,2760,75.65873547,Platform3,187.9180038,4.309418033
Anon_Course_551,Design,81,3985,99.06240165,Platform3,132.6233289,4.802513976
Anon_Course_552,Design,81,3963,72.24379284,Platform3,168.0767804,4.505519162
Anon_Course_553,Design,81,3978,85.57334606,Platform3,197.7772961,4.918240137
Anon_Course_554,Finance,81,3612,98.53402627,Platform2,135.2690274,4.905309717
Anon_Course_555,Finance,81,4685,85.22653701,Platform1,130.2985046,4.577552754
Anon_Course_556,Finance,81,2450,71.91295581,Platform3,168.0168721,4.097553425
Anon_Course_557,Marketing,81,3048,76.45229899,Platform2,152.9980789,4.28255521
Anon_Course_558,Marketing,81,3580,84.07324482,Platform2,195.3715636,4.353071772
Anon_Course_559,Office Tools,81,3966,86.64453734,Platform3,147.0922232,4.349283644
Anon_Course_560,Office Tools,81,3857,84.73791794,Platform2,151.0957796,4.594735594
Anon_Course_561,Office Tools,81,2453,75.38228225,Platform1,158.4768411,4.249926509
Anon_Course_562,Programming,81,3958,89.1310394,Platform2,131.2724865,4.347110875
Anon_Course_563,Programming,81,3412,82.37247146,Platform2,177.0069263,4.479702999
Anon_Course_564,Technology,81,4676,94.95118272,Platform2,167.820472,4.773933906
Anon_Course_565,AI,82,4001,94.84563903,Platform3,158.5872835,4.829187939
Anon_Course_566,AI,82,3819,84.44339472,Platform2,138.5911102,4.464022054
Anon_Course_567,AI,82,3956,82.96581276,Platform3,161.7544677,4.56817334
Anon_Course_568,AI,82,3554,98.937948,Platform2,165.438052,4.887577232
Anon_Course_569,AI,82,3133,85.99925934,Platform3,184.8944025,4.976065165
Anon_Course_570,Business,82,3516,83.64026279,Platform3,140.2323703,4.666007841
Anon_Course_571,Business,82,3885,80.27537153,Platform2,185.7376331,4.45533251
Anon_Course_572,Business,82,2722,73.37830962,Platform3,188.4840327,4.181364209
Anon_Course_573,Business,82,2479,87.74451202,Platform2,189.8896068,4.135400199
Anon_Course_574,Data Science,82,4572,93.79898545,Platform3,144.9764604,4.717410978
Anon_Course_575,Data Science,82,2201,79.51566173,Platform2,182.0212928,4.156563449
Anon_Course_576,Design,82,2215,79.2043433,Platform4,198.8945066,4.083437815
Anon_Course_577,Marketing,82,3216,83.17043183,Platform1,195.3930398,4.322293282
Anon_Course_578,Marketing,82,3988,81.62256937,Platform2,199.058462,4.464828327
Anon_Course_579,Office Tools,82,4298,94.70147382,Platform3,132.4217133,4.720657915
Anon_Course_580,Programming,82,3292,80.76806022,Platform3,159.5156169,4.320291965
Anon_Course_581,Programming,82,3500,89.4583504,Platform2,176.995277,4.917262243
Anon_Course_582,Technology,82,2395,76.15957949,Platform3,150.4382891,4.307841592
Anon_Course_583,Technology,82,2838,79.04603373,Platform2,162.0332792,4.015574883
Anon_Course_584,Technology,82,3641,86.32030253,Platform4,166.2248217,4.431899183
Anon_Course_585,AI,83,3741,83.44585349,Platform3,157.1598746,4.595953449
Anon_Course_586,Business,83,3990,73.83522529,Platform1,132.5648907,4.399066776
Anon_Course_587,Business,83,2046,85.79205066,Platform3,162.2002015,4.289743503
Anon_Course_588,Business,83,2079,70.57873584,Platform2,194.2162224,4.098442741
Anon_Course_589,Data Science,83,2169,85.48492297,Platform3,154.1446758,4.291324698
Anon_Course_590,Data Science,83,3990,81.25857021,Platform3,199.8295733,4.567129251
Anon_Course_591,Design,83,3979,90.30749651,Platform3,131.7724747,4.965452541
Anon_Course_592,Design,83,3105,81.90485969,Platform1,166.5971417,4.299382755
Anon_Course_593,Design,83,4565,95.0975564,Platform3,188.8502267,4.768543406
Anon_Course_594,Finance,83,3495,94.46829273,Platform3,129.3299526,4.87806292
Anon_Course_595,Finance,83,4637,97.06586122,Platform2,191.7557228,4.532067057
Anon_Course_596,Finance,83,3838,71.76159523,Platform4,198.5900037,4.439999103
Anon_Course_597,Marketing,83,3027,87.50141375,Platform1,166.0160707,4.299995813
Anon_Course_598,Programming,83,3139,73.47650473,Platform4,165.3650993,4.488457157
Anon_Course_599,Technology,83,4401,83.59020975,Platform3,130.0738835,4.337490408
Anon_Course_600,Technology,83,2012,85.41828946,Platform3,198.423195,4.202590439
Anon_Course_601,AI,84,3880,88.95898577,Platform1,151.5508952,4.630741507
Anon_Course_602,AI,84,2247,84.30663162,Platform4,189.6749996,4.041160409
Anon_Course_603,Business,84,2591,77.8583563,Platform1,173.0147726,4.07159078
Anon_Course_604,Business,84,3611,87.7625798,Platform3,187.5517573,4.491318993
Anon_Course_605,Data Science,84,3338,76.69397205,Platform1,168.7010626,4.358905586
Anon_Course_606,Data Science,84,2110,78.82591931,Platform1,181.7824065,4.077606539
Anon_Course_607,Data Science,84,4736,81.43233174,Platform2,186.3785957,4.841203294
Anon_Course_608,Data Science,84,3502,76.73821556,Platform3,188.9779208,4.523404143
Anon_Course_609,Data Science,84,3533,75.24725798,Platform4,196.4779463,4.392348001
Anon_Course_610,Design,84,3526,83.37252732,Platform1,141.3467882,4.388407196
Anon_Course_611,Design,84,3789,86.38907115,Platform3,145.3211299,4.570362556
Anon_Course_612,Design,84,2966,75.34303045,Platform1,170.1860573,4.183314739
Anon_Course_613,Finance,84,2197,89.86053401,Platform2,164.8374518,4.062774352
Anon_Course_614,Marketing,84,4820,97.71759474,Platform3,150.0635954,4.651365915
Anon_Course_615,Office Tools,84,3758,75.5016107,Platform3,121.2954416,4.426591443
Anon_Course_616,Office Tools,84,2364,83.34903407,Platform1,149.9787742,4.005997262
Anon_Course_617,Office Tools,84,4969,98.30937971,Platform3,162.4089919,4.839157384
Anon_Course_618,Office Tools,84,2446,78.08060647,Platform1,170.7714421,4.210477556
Anon_Course_619,Office Tools,84,3433,71.97510106,Platform1,180.5610134,4.651624098
Anon_Course_620,Office Tools,84,3657,84.49065507,Platform1,199.5692722,4.591758106
Anon_Course_621,Programming,84,2822,78.15906421,Platform2,197.0940212,4.058819569
Anon_Course_622,Technology,84,3216,76.6914787,Platform3,141.2431922,4.57937204
Anon_Course_623,AI,85,2523,84.99323762,Platform1,140.5416119,4.113216372
Anon_Course_624,Business,85,3620,81.509023,Platform1,163.0841726,4.570030966
Anon_Course_625,Business,85,2173,75.72105954,Platform4,189.5696879,4.029609907
Anon_Course_626,Data Science,85,3199,95.0086492,Platform2,159.694206,4.929277199
Anon_Course_627,Data Science,85,2775,87.54423606,Platform4,162.1071495,4.159169873
Anon_Course_628,Data Science,85,3980,90.39722741,Platform1,181.5031678,4.774646923
Anon_Course_629,Design,85,2691,77.77449893,Platform1,168.2186023,4.260857063
Anon_Course_630,Finance,85,2701,82.81329344,Platform3,165.7737333,4.132260013
Anon_Course_631,Finance,85,3567,83.29330027,Platform4,191.2801804,4.461131395
Anon_Course_632,Finance,85,3044,99.64503738,Platform3,196.0356673,4.953115582
Anon_Course_633,Marketing,85,3207,98.41497766,Platform4,128.6279819,4.788064632
Anon_Course_634,Marketing,85,2464,87.69036721,Platform3,144.7459571,4.245033774
Anon_Course_635,Marketing,85,2051,71.94493293,Platform4,140.1562018,4.013668931
Anon_Course_636,Marketing,85,3378,86.67548304,Platform1,166.7476585,4.268261603
Anon_Course_637,Marketing,85,3692,99.64503738,Platform4,172.9662064,4.964236551
Anon_Course_638,Office Tools,85,2773,83.21099089,Platform3,136.7258134,4.286351902
Anon_Course_639,Office Tools,85,3168,85.66393813,Platform4,148.5440358,4.462444113
Anon_Course_640,Office Tools,85,3521,99.08169654,Platform3,155.6336199,4.717948719
Anon_Course_641,Office Tools,85,3770,99.73345138,Platform4,156.2104295,4.930525808
Anon_Course_642,Office Tools,85,2860,78.43140775,Platform3,181.4013517,4.13762178
Anon_Course_643,Programming,85,3091,91.46373465,Platform4,154.969624,4.682087461
Anon_Course_644,Programming,85,3301,76.78728619,Platform3,195.8888164,4.357163768
Anon_Course_645,Technology,85,2151,78.89670279,Platform1,125.3180649,4.03270017
Anon_Course_646,Technology,85,3573,89.32446024,Platform4,144.0070613,4.666826898
Anon_Course_647,Technology,85,3293,88.16207658,Platform4,142.2857294,4.998117959
Anon_Course_648,Technology,85,3448,85.34141836,Platform4,176.416351,4.646608065
Anon_Course_649,Technology,85,3723,89.66953217,Platform2,187.7566561,4.582726811
Anon_Course_650,AI,86,3808,72.8703169,Platform1,180.9163772,4.558527626
Anon_Course_651,AI,86,3013,99.38895024,Platform1,189.6965775,4.740773124
Anon_Course_652,Data Science,86,3436,87.35323659,Platform3,144.4630832,4.619726907
Anon_Course_653,Finance,86,2851,79.48210986,Platform2,162.2329946,4.008563715
Anon_Course_654,Finance,86,3517,73.14093739,Platform1,166.1139738,4.490595871
Anon_Course_655,Finance,86,2710,71.28130775,Platform3,174.6112278,4.010202871
Anon_Course_656,Marketing,86,3130,96.14659277,Platform2,179.4664243,4.951789699
Anon_Course_657,Office Tools,86,2045,79.46395995,Platform1,132.6969265,4.063926862
Anon_Course_658,Office Tools,86,4758,81.68305126,Platform2,143.0370959,4.641589846
Anon_Course_659,Programming,86,2668,77.26134092,Platform1,158.8068818,4.129104304
Anon_Course_660,Programming,86,3737,95.81968494,Platform2,169.9139295,4.796575735
Anon_Course_661,Programming,86,3488,92.30525998,Platform1,180.3591244,4.751268775
Anon_Course_662,Technology,86,2933,70.73504163,Platform1,156.557869,4.182485935
Anon_Course_663,Technology,86,2230,86.10256725,Platform2,185.0442093,4.246334218
Anon_Course_664,Technology,86,2269,86.59128507,Platform1,194.5436215,4.123767029
Anon_Course_665,AI,87,4352,84.21482373,Platform4,133.8155646,4.800200351
Anon_Course_666,Business,87,3838,94.42761554,Platform3,149.43024,4.861982193
Anon_Course_667,Business,87,3329,86.82146773,Platform3,185.566634,4.387604589
Anon_Course_668,Business,87,4733,82.21967901,Platform2,193.6361714,4.993296678
Anon_Course_669,Data Science,87,3952,80.00335921,Platform1,155.7476692,4.614588836
Anon_Course_670,Data Science,87,4946,85.84407816,Platform1,172.6372874,4.710115834
Anon_Course_671,Data Science,87,3122,81.35603428,Platform2,199.8410235,4.627535387
Anon_Course_672,Design,87,4832,93.64574,Platform3,158.8715344,4.952869111
Anon_Course_673,Design,87,3841,97.22458751,Platform2,166.1748813,4.612287264
Anon_Course_674,Design,87,3908,85.11059221,Platform1,191.5687746,4.45562711
Anon_Course_675,Finance,87,3546,98.84651475,Platform4,147.2945554,4.834211402
Anon_Course_676,Marketing,87,3509,83.99265624,Platform4,136.1817985,4.483901093
Anon_Course_677,Marketing,87,3571,84.97073154,Platform2,175.0515125,4.731012103
Anon_Course_678,Marketing,87,2819,79.34007714,Platform2,187.2280231,4.141902573
Anon_Course_679,Office Tools,87,2946,89.59623214,Platform2,166.6782814,4.041942372
Anon_Course_680,Office Tools,87,2764,76.37672777,Platform2,198.3225389,4.324214761
Anon_Course_681,Programming,87,4063,83.2300969,Platform1,187.4933281,4.907540055
Anon_Course_682,Technology,87,4090,81.41802287,Platform3,123.6117336,4.576395525
Anon_Course_683,Technology,87,3043,90.11606389,Platform4,161.2634791,4.944923446
Anon_Course_684,Technology,87,4330,86.35538586,Platform3,176.8383115,4.589445787
Anon_Course_685,AI,88,3316,82.19681598,Platform3,136.317571,4.426784089
Anon_Course_686,AI,88,3102,91.35818654,Platform3,177.5154308,4.79747459
Anon_Course_687,AI,88,2611,77.12661517,Platform4,184.81492,4.081607368
Anon_Course_688,Business,88,3446,88.7795029,Platform2,154.8676991,4.508665529
Anon_Course_689,Business,88,4002,91.64542277,Platform3,189.0177076,4.932917451
Anon_Course_690,Data Science,88,3643,89.32199602,Platform2,131.5662742,4.637771278
Anon_Course_691,Data Science,88,4802,91.88765817,Platform2,159.4051935,4.870671961
Anon_Course_692,Design,88,3178,86.8962676,Platform1,151.3538899,4.578316113
Anon_Course_693,Design,88,3654,80.96338107,Platform2,161.5785857,4.483365848
Anon_Course_694,Design,88,3524,82.22701242,Platform2,179.2380734,4.43349387
Anon_Course_695,Finance,88,3673,80.4076367,Platform4,169.7889698,4.657905471
Anon_Course_696,Finance,88,3631,87.68107775,Platform1,193.4426231,4.7779177
Anon_Course_697,Office Tools,88,3139,89.55040414,Platform1,133.8608352,4.443772553
Anon_Course_698,Office Tools,88,4100,82.96872473,Platform3,138.2471401,4.733854496
Anon_Course_699,Business,89,2752,85.06807939,Platform2,178.4956048,4.184252816
Anon_Course_700,Business,89,3028,82.61764257,Platform4,188.0002384,4.707851248
Anon_Course_701,Business,89,3597,92.24371893,Platform2,190.8384055,4.984268072
Anon_Course_702,Data Science,89,2680,73.60205452,Platform2,141.3405521,4.314755459
Anon_Course_703,Data Science,89,2400,88.60877307,Platform3,170.6956275,4.301539407
Anon_Course_704,Data Science,89,2239,79.19504456,Platform4,182.8710305,4.035363704
Anon_Course_705,Design,89,2060,76.26734134,Platform1,138.544632,4.199315991
Anon_Course_706,Design,89,2252,75.79657528,Platform1,161.0476681,4.185354068
Anon_Course_707,Design,89,2804,77.54849655,Platform3,174.0743276,4.21914419
Anon_Course_708,Design,89,3124,89.61732357,Platform2,185.1106026,4.567224832
Anon_Course_709,Finance,89,2550,86.96461391,Platform1,142.437111,4.005540416
Anon_Course_710,Finance,89,3482,88.72238995,Platform3,143.3342668,4.214554474
Anon_Course_711,Finance,89,4038,97.15893801,Platform2,183.0731143,4.756655164
Anon_Course_712,Finance,89,3096,87.83781748,Platform1,191.3137402,4.434215503
Anon_Course_713,Marketing,89,3928,79.46847976,Platform2,121.3711877,4.408678283
Anon_Course_714,Marketing,89,3164,90.87693517,Platform3,155.3165299,4.673544655
Anon_Course_715,Office Tools,89,2820,71.95143585,Platform1,141.6393807,4.187941919
Anon_Course_716,Office Tools,89,3408,79.60239203,Platform4,191.0090935,4.514532698
Anon_Course_717,Programming,89,2915,84.75403613,Platform3,152.8263009,4.048902104
Anon_Course_718,Programming,89,2906,74.85784352,Platform4,187.4761423,4.090229207
Anon_Course_719,Technology,89,2909,79.69081149,Platform1,143.5296283,4.221855077
Anon_Course_720,Technology,89,3600,96.26501067,Platform1,148.0528878,4.741218399
Anon_Course_721,Technology,89,2253,85.55275335,Platform3,156.035266,4.079157871
Anon_Course_722,Technology,89,4251,78.60566355,Platform2,159.6839867,4.564370916
Anon_Course_723,Technology,89,3423,95.16170964,Platform2,193.1830077,4.96435256
Anon_Course_724,AI,90,3587,85.86395203,Platform3,140.1355474,4.423386878
Anon_Course_725,Business,90,4884,99.41702443,Platform2,159.7296879,4.97447402
Anon_Course_726,Business,90,2004,74.65437093,Platform2,197.1012,4.328692898
Anon_Course_727,Data Science,90,2878,88.22539046,Platform2,131.0042787,4.200753713
Anon_Course_728,Data Science,90,3053,76.00203745,Platform3,194.3357254,4.511929633
Anon_Course_729,Design,90,3233,99.34262961,Platform4,156.84594,4.638350602
Anon_Course_730,Design,90,3639,80.52163347,Platform4,160.2603351,4.524347619
Anon_Course_731,Design,90,2432,85.46144004,Platform1,182.5884377,4.130749737
Anon_Course_732,Design,90,3360,90.28898617,Platform2,187.1604617,4.821477395
Anon_Course_733,Design,90,3497,74.50085051,Platform4,189.5030936,4.332166657
Anon_Course_734,Design,90,2143,84.31409532,Platform4,196.3507274,4.100871573
Anon_Course_735,Finance,90,3379,81.74065218,Platform3,138.8693007,4.611984849
Anon_Course_736,Finance,90,3904,76.75363571,Platform1,152.8757924,4.443198116
Anon_Course_737,Finance,90,2960,77.76000779,Platform2,156.7575667,4.148228702
Anon_Course_738,Finance,90,3541,82.51426789,Platform1,170.7125337,4.573544082
Anon_Course_739,Marketing,90,3029,86.39946367,Platform3,125.6530102,4.344093609
Anon_Course_740,Marketing,90,3456,86.54753505,Platform4,137.0080632,4.51784092
Anon_Course_741,Marketing,90,3001,99.02174534,Platform1,153.3466772,4.60138305
Anon_Course_742,Marketing,90,3047,72.54461733,Platform3,173.3303901,4.344009855
Anon_Course_743,Office Tools,90,2206,78.92450451,Platform4,186.4416376,4.346034779
Anon_Course_744,Office Tools,90,2889,78.58404778,Platform3,188.1223666,4.27801246
Anon_Course_745,Office Tools,90,3676,75.15443335,Platform1,194.206999,4.674922608
Anon_Course_746,Programming,90,3227,82.85220282,Platform3,145.0886241,4.950224982
Anon_Course_747,AI,91,3187,84.35276887,Platform2,165.7566487,4.590870068
Anon_Course_748,AI,91,2234,79.22054023,Platform2,187.1701338,4.195911515
Anon_Course_749,AI,91,3354,77.70142459,Platform3,188.4465656,4.474414761
Anon_Course_750,AI,91,2855,75.74251128,Platform3,191.6406853,4.036840884
Anon_Course_751,Business,91,3658,81.71472961,Platform3,194.420967,4.923072728
Anon_Course_752,Design,91,3100,91.19571309,Platform1,122.8191992,4.701147933
Anon_Course_753,Design,91,2216,82.12953367,Platform1,165.1807465,4.130102883
Anon_Course_754,Design,91,3250,96.00123053,Platform1,166.613885,4.808359521
Anon_Course_755,Design,91,3900,86.02449872,Platform2,174.6663272,4.676941396
Anon_Course_756,Design,91,4743,81.66626452,Platform1,194.3050698,4.867732844
Anon_Course_757,Finance,91,2547,84.36010194,Platform2,159.8613256,4.188984027
Anon_Course_758,Finance,91,2393,77.32167925,Platform4,160.0512584,4.203150007
Anon_Course_759,Finance,91,3074,93.93999927,Platform1,166.2323824,4.572908486
Anon_Course_760,Finance,91,3125,75.12111198,Platform4,168.8438142,4.255458171
Anon_Course_761,Marketing,91,2173,82.39950206,Platform1,123.4242628,4.224609086
Anon_Course_762,Marketing,91,4002,95.41381739,Platform2,149.5133057,4.671583261
Anon_Course_763,Marketing,91,3942,87.62601107,Platform3,183.2382636,4.478131342
Anon_Course_764,Programming,91,3243,85.82638398,Platform2,134.6382121,4.585452156
Anon_Course_765,Programming,91,3198,97.91057411,Platform4,140.408263,4.906551054
Anon_Course_766,Technology,91,2576,88.59187601,Platform4,132.1118971,4.017959946
Anon_Course_767,AI,92,2476,74.03378436,Platform1,133.6777305,4.042951194
Anon_Course_768,AI,92,2775,72.89658472,Platform1,193.3943406,4.010706469
Anon_Course_769,Business,92,2715,76.72468182,Platform4,160.2972935,4.060952224
Anon_Course_770,Data Science,92,3027,98.41372276,Platform4,165.6386892,4.866628909
Anon_Course_771,Data Science,92,3458,94.36748863,Platform4,192.8968817,4.786105599
Anon_Course_772,Design,92,2493,76.02764446,Platform3,187.057569,4.087863878
Anon_Course_773,Finance,92,4040,82.75686173,Platform4,167.4911764,4.826698209
Anon_Course_774,Marketing,92,4001,74.58965984,Platform1,137.235123,4.416021856
Anon_Course_775,Office Tools,92,3898,72.10494807,Platform2,140.8794906,4.403623214
Anon_Course_776,Office Tools,92,2571,77.83158798,Platform2,148.1350259,4.021676802
Anon_Course_777,Office Tools,92,3462,84.05232143,Platform4,180.3999353,4.471847366
Anon_Course_778,Office Tools,92,2836,73.30792121,Platform3,182.2126469,4.099755095
Anon_Course_779,Office Tools,92,2997,78.18236432,Platform4,198.942422,4.240798767
Anon_Course_780,Programming,92,3974,88.90213071,Platform1,155.4127331,4.94182025
Anon_Course_781,Technology,92,3900,83.78846988,Platform2,126.7078125,4.888105006
Anon_Course_782,Technology,92,3445,73.74837782,Platform1,130.2958046,4.499717434
Anon_Course_783,Technology,92,3566,71.99068733,Platform3,153.3086183,4.168294705
Anon_Course_784,AI,93,3223,83.39024604,Platform3,165.2087362,4.383928314
Anon_Course_785,Business,93,2755,70.4003515,Platform1,170.4806307,4.064412564
Anon_Course_786,Business,93,3670,72.3626148,Platform4,175.5751028,4.743310305
Anon_Course_787,Business,93,4000,83.83590389,Platform1,178.7208555,4.80513093
Anon_Course_788,Business,93,3492,88.76582377,Platform4,187.2706358,4.741613709
Anon_Course_789,Data Science,93,3307,85.6387616,Platform4,140.7189904,4.488052256
Anon_Course_790,Data Science,93,3625,94.61831791,Platform2,162.8427306,4.883918052
Anon_Course_791,Data Science,93,3413,72.94089723,Platform1,173.7909397,4.474199156
Anon_Course_792,Design,93,2522,75.78604413,Platform4,167.0210253,4.012916438
Anon_Course_793,Design,93,3136,81.36273994,Platform2,168.5484651,4.33154791
Anon_Course_794,Finance,93,3906,95.20418889,Platform3,157.4780338,4.995204316
Anon_Course_795,Finance,93,4727,95.2033899,Platform2,179.6957864,4.921910191
Anon_Course_796,Finance,93,3902,96.31360203,Platform4,181.8923253,4.920287885
Anon_Course_797,Finance,93,3746,91.94829302,Platform4,183.4770263,4.785161858
Anon_Course_798,Finance,93,3990,83.69404182,Platform1,195.8779403,4.221663227
Anon_Course_799,Finance,93,3716,94.09317778,Platform4,195.9062037,4.929475707
Anon_Course_800,Office Tools,93,3464,84.87683917,Platform2,166.5580367,4.613093792
Anon_Course_801,Office Tools,93,3175,88.82422041,Platform3,197.2510934,4.592018114
Anon_Course_802,Programming,93,3023,86.06305004,Platform1,174.154656,4.628877811
Anon_Course_803,Programming,93,3688,84.5129556,Platform4,190.539756,4.641729724
Anon_Course_804,Technology,93,3439,83.76219009,Platform1,133.3034538,4.753460992
Anon_Course_805,Technology,93,3571,81.414173,Platform3,167.795412,4.747281844
Anon_Course_806,Technology,93,3732,77.89167246,Platform2,170.7353598,4.618842079
Anon_Course_807,Technology,93,3132,95.95311361,Platform4,184.0676164,4.97010954
Anon_Course_808,AI,94,3714,82.14017103,Platform3,183.4054402,4.458630361
Anon_Course_809,AI,94,2215,76.54365886,Platform1,186.7716645,4.121317174
Anon_Course_810,Business,94,3133,80.49710239,Platform2,126.617289,4.369368284
Anon_Course_811,Business,94,3546,86.52634313,Platform1,190.2928272,4.863443299
Anon_Course_812,Data Science,94,2343,75.50732471,Platform4,149.858119,4.231356307
Anon_Course_813,Data Science,94,4691,84.4172161,Platform3,161.1359891,4.726940556
Anon_Course_814,Design,94,2472,79.91628413,Platform2,142.0017658,4.119161555
Anon_Course_815,Finance,94,4020,90.60219674,Platform2,163.0091956,4.695539252
Anon_Course_816,Finance,94,2287,89.41669739,Platform4,175.7313412,4.189573815
Anon_Course_817,Finance,94,2081,80.12871866,Platform3,195.0209014,4.104295053
Anon_Course_818,Marketing,94,2432,73.9084832,Platform1,159.7379709,4.128047431
Anon_Course_819,Marketing,94,2221,75.56401715,Platform2,175.9280772,4.120128992
Anon_Course_820,Marketing,94,2193,75.6226138,Platform4,178.8144912,4.088745611
Anon_Course_821,Office Tools,94,3383,85.84450409,Platform3,135.7825273,4.570264683
Anon_Course_822,Office Tools,94,3294,88.15839429,Platform4,151.4409642,4.794943211
Anon_Course_823,Office Tools,94,3408,83.08586929,Platform1,175.565125,4.933793817
Anon_Course_824,Office Tools,94,4410,90.41543872,Platform4,176.3970697,4.73233675
Anon_Course_825,AI,95,2050,85.69597318,Platform4,132.3841353,4.078342077
Anon_Course_826,AI,95,3941,94.44771313,Platform1,159.4489673,4.998959553
Anon_Course_827,AI,95,2936,71.66922711,Platform4,160.6243722,4.167767722
Anon_Course_828,Data Science,95,2141,74.17325907,Platform3,195.6119901,4.236011133
Anon_Course_829,Design,95,2419,81.33168874,Platform3,142.7671648,4.008235622
Anon_Course_830,Design,95,3231,96.54321836,Platform2,177.4359656,4.849851514
Anon_Course_831,Marketing,95,2398,77.68072258,Platform3,151.9978619,4.178912319
Anon_Course_832,Marketing,95,3370,89.43462917,Platform1,172.0686514,4.309734698
Anon_Course_833,Marketing,95,3891,97.95082719,Platform3,173.4959908,4.928531955
Anon_Course_834,Marketing,95,3801,98.71202044,Platform1,190.0879232,4.928553537
Anon_Course_835,Office Tools,95,2883,75.20876585,Platform2,186.2418566,4.221669259
Anon_Course_836,Programming,95,2376,88.07920932,Platform4,144.0812229,4.167944246
Anon_Course_837,Programming,95,3113,94.18842778,Platform3,188.8801312,4.680648886
Anon_Course_838,Technology,95,3578,91.7193369,Platform1,160.1294063,4.760550659
Anon_Course_839,Technology,95,3713,73.70457827,Platform4,164.2618761,4.473160941
Anon_Course_840,Technology,95,2865,81.32689821,Platform2,183.361147,4.129848073
Anon_Course_841,Business,96,3705,75.94020327,Platform3,150.3132401,4.71833392
Anon_Course_842,Business,96,3953,91.29870158,Platform2,165.479391,4.884239325
Anon_Course_843,Business,96,2525,73.92798752,Platform4,179.0585049,4.195317957
Anon_Course_844,Data Science,96,2044,75.34276939,Platform1,140.9246992,4.320344884
Anon_Course_845,Data Science,96,2029,83.09348344,Platform3,151.0224337,4.037754614
Anon_Course_846,Data Science,96,3956,80.97727788,Platform4,154.4669976,4.451506376
Anon_Course_847,Data Science,96,4443,93.65023368,Platform3,158.6913047,4.644586241
Anon_Course_848,Data Science,96,2365,77.98887177,Platform2,168.614037,4.264234252
Anon_Course_849,Data Science,96,2928,70.60622044,Platform2,187.2643314,4.171219595
Anon_Course_850,Finance,96,4661,98.34105349,Platform4,155.6123596,4.846881048
Anon_Course_851,Finance,96,3107,88.01772935,Platform1,162.6751164,4.499025334
Anon_Course_852,Finance,96,3789,86.89010206,Platform2,174.0982575,4.430478523
Anon_Course_853,Finance,96,3740,91.9310639,Platform4,178.0513731,4.841570001
Anon_Course_854,Marketing,96,4285,89.40327799,Platform3,165.0578771,4.597132835
Anon_Course_855,Marketing,96,4907,86.68662338,Platform4,191.5600759,4.58271041
Anon_Course_856,Marketing,96,3517,85.68880205,Platform4,192.0918706,4.438462475
Anon_Course_857,Programming,96,4716,90.87835722,Platform1,129.0048941,4.776364279
Anon_Course_858,Programming,96,3721,73.40447405,Platform1,131.9620499,4.338986291
Anon_Course_859,Programming,96,2502,77.08917942,Platform1,155.4351728,4.218613128
Anon_Course_860,Programming,96,4257,92.20461259,Platform1,184.8552538,4.986748268
Anon_Course_861,Programming,96,3510,73.2310294,Platform2,191.9469423,4.334058468
Anon_Course_862,Programming,96,3453,85.91941621,Platform2,196.605835,4.957546356
Anon_Course_863,Technology,96,3595,87.06399439,Platform2,189.7013892,4.590304079
Anon_Course_864,AI,97,3270,92.42251336,Platform3,141.1925188,4.846139833
Anon_Course_865,AI,97,3525,80.29456575,Platform1,142.0876132,4.448622024
Anon_Course_866,AI,97,3248,79.65099458,Platform3,134.6863006,4.464799005
Anon_Course_867,AI,97,3326,93.89929224,Platform4,168.8718563,4.745279074
Anon_Course_868,AI,97,3090,82.25817747,Platform4,195.1091952,4.413282303
Anon_Course_869,Business,97,3146,79.08163241,Platform2,167.9115392,4.523929655
Anon_Course_870,Business,97,2757,74.24641593,Platform2,170.5788128,4.117867899
Anon_Course_871,Data Science,97,3970,97.88517184,Platform4,147.7435475,4.909781913
Anon_Course_872,Data Science,97,3610,93.84669986,Platform2,198.9224905,4.914510001
Anon_Course_873,Design,97,4738,86.06185523,Platform2,121.2271841,4.563009513
Anon_Course_874,Design,97,3096,79.13710788,Platform4,147.2492891,4.395669501
Anon_Course_875,Design,97,4154,98.66795339,Platform1,197.6944635,4.797491741
Anon_Course_876,Finance,97,2598,75.78984946,Platform4,145.1560568,4.002198079
Anon_Course_877,Finance,97,4715,89.6303677,Platform2,150.6207006,4.578126968
Anon_Course_878,Finance,97,2611,76.95386115,Platform4,193.9566169,4.053187427
Anon_Course_879,Marketing,97,4419,80.24868265,Platform4,135.3675438,4.919670547
Anon_Course_880,Office Tools,97,3839,90.67538253,Platform3,146.6687847,4.777760493
Anon_Course_881,Programming,97,2265,75.91999795,Platform2,141.5460539,4.034341791
Anon_Course_882,Programming,97,4410,90.78682608,Platform4,151.3437108,4.817855731
Anon_Course_883,Programming,97,2816,72.73673681,Platform2,151.7892865,4.113584113
Anon_Course_884,Programming,97,3523,83.73191692,Platform4,189.5224032,4.451342899
Anon_Course_885,AI,98,2623,89.09377734,Platform2,133.2195396,4.14070407
Anon_Course_886,AI,98,2407,75.15284336,Platform1,153.3422749,4.194924361
Anon_Course_887,AI,98,3577,93.67065175,Platform4,159.2114429,4.76228377
Anon_Course_888,AI,98,3078,96.30835121,Platform3,187.6124068,4.66853045
Anon_Course_889,Data Science,98,4177,76.52494503,Platform3,161.895415,4.637440547
Anon_Course_890,Design,98,4908,92.86650475,Platform3,136.7035814,4.654262467
Anon_Course_891,Design,98,3715,88.60128178,Platform1,196.8907335,4.304280006
Anon_Course_892,Finance,98,3946,85.08900119,Platform1,157.0186,4.263596236
Anon_Course_893,Finance,98,3501,86.12910539,Platform4,186.4813232,4.269418267
Anon_Course_894,Marketing,98,2726,78.2330405,Platform3,156.2032407,4.20614912
Anon_Course_895,Marketing,98,3224,95.20418889,Platform1,160.5469979,4.995405763
Anon_Course_896,Marketing,98,2228,75.58018061,Platform2,161.3052044,4.017852405
Anon_Course_897,Marketing,98,4173,88.392251,Platform1,172.1091657,4.615862325
Anon_Course_898,Marketing,98,3474,90.6675395,Platform2,198.4747929,4.833789869
Anon_Course_899,Office Tools,98,3529,81.87713978,Platform2,135.6908088,4.429622293
Anon_Course_900,Office Tools,98,2721,87.26885086,Platform3,168.6741505,4.242336184
Anon_Course_901,Office Tools,98,3361,86.57997758,Platform3,173.8484958,4.717174775
Anon_Course_902,Office Tools,98,2369,82.64159723,Platform3,181.6665975,4.152254421
Anon_Course_903,Office Tools,98,3306,94.24789629,Platform3,194.0370715,4.949625958
Anon_Course_904,Office Tools,98,3115,98.2754492,Platform4,195.3593583,4.950310709
Anon_Course_905,Programming,98,2815,81.70568192,Platform3,183.0178607,4.216610002
Anon_Course_906,Programming,98,2440,77.11357591,Platform2,194.6138881,4.270637349
Anon_Course_907,Technology,98,3977,80.56109612,Platform3,141.3029252,4.675707189
Anon_Course_908,Technology,98,2413,74.74120569,Platform4,161.7769649,4.114735159
Anon_Course_909,Technology,98,3198,83.5288585,Platform1,196.571006,4.542302047
Anon_Course_910,AI,99,3429,98.08693844,Platform3,152.6220971,4.778569291
Anon_Course_911,AI,99,3417,97.0574296,Platform3,153.6598736,4.707567178
Anon_Course_912,AI,99,3929,85.79206837,Platform4,162.1788155,4.583930825
Anon_Course_913,Business,99,3256,88.64699015,Platform3,189.1097837,4.413340551
Anon_Course_914,Business,99,2188,84.55884139,Platform1,193.6638464,4.203659553
Anon_Course_915,Data Science,99,3136,97.70536026,Platform4,135.1738884,4.821183752
Anon_Course_916,Design,99,4526,96.17592186,Platform3,182.1891395,4.791083248
Anon_Course_917,Finance,99,3805,86.78030113,Platform4,144.9933583,4.866743777
Anon_Course_918,Finance,99,4256,98.05164214,Platform2,141.9789077,4.501768328
Anon_Course_919,Finance,99,4014,88.08451935,Platform3,193.219541,4.466102275
Anon_Course_920,Marketing,99,3637,80.95831037,Platform4,120.040865,4.871971017
Anon_Course_921,Marketing,99,3473,96.31440101,Platform4,146.1669289,4.992552958
Anon_Course_922,Marketing,99,3022,89.329971,Platform1,163.3850508,4.622559998
Anon_Course_923,Office Tools,99,4774,83.66446484,Platform4,135.4422085,4.74657218
Anon_Course_924,Office Tools,99,2557,78.26246394,Platform3,181.3535203,4.269618886
Anon_Course_925,Programming,99,4588,80.97724241,Platform2,184.8416738,4.973984309
Anon_Course_926,Technology,99,3814,73.80834547,Platform4,128.3615321,4.314259854
Anon_Course_927,Technology,99,2761,76.86218509,Platform2,135.2541958,4.002997913
Anon_Course_928,Technology,99,2539,71.96813002,Platform4,194.1526753,4.056845205
Anon_Course_929,AI,100,3657,85.66875367,Platform1,133.9899291,4.601585362
Anon_Course_930,Data Science,100,3200,82.3908285,Platform4,148.6232773,4.522392443
Anon_Course_931,Data Science,100,4178,95.40473167,Platform2,148.6706421,4.715260996
Anon_Course_932,Data Science,100,4828,83.78925988,Platform3,162.2225344,4.703023959
Anon_Course_933,Data Science,100,3519,72.72465027,Platform4,167.2071505,4.568634257
Anon_Course_934,Design,100,4539,88.09269687,Platform3,131.4527126,4.75918217
Anon_Course_935,Design,100,3064,91.50112194,Platform3,130.5401346,4.813570263
Anon_Course_936,Design,100,3994,81.42049631,Platform1,140.050308,4.596472437
Anon_Course_937,Marketing,100,2772,70.19466942,Platform4,149.7749035,4.224014808
Anon_Course_938,Office Tools,100,2123,85.31671252,Platform4,142.087435,4.281127963
Anon_Course_939,Office Tools,100,2506,86.33238051,Platform3,185.1590005,4.185380619
Anon_Course_940,Office Tools,100,3558,95.01665279,Platform3,189.4603057,4.822818536
Anon_Course_941,Technology,100,3739,82.13581635,Platform4,161.1006213,4.599528092
