号商,商品线索数,报价线索数,线索报价率,未报价线索数,未报价率,同意报价数,同意报价率,付费订单数,交易中订单,成交订单数,成交率,成交订单金额,客单价,毛收入,收益率,被付费线索数,付费率,回收成功率
1,3103,254,8.19%,2849,91.81%,15,5.91%,34,3,12,35.29%,14434.44,1202.87,2151.98,14.91%,0,0%,0.39%
2,2790,232,8.32%,2558,91.68%,15,6.47%,31,4,8,25.81%,3304.29,413.04,606.28,18.35%,0,0%,0.29%
3,2900,297,10.24%,2603,89.76%,12,4.04%,25,3,10,40%,4487.39,448.74,744.9,16.60%,0,0%,0.34%
4,2842,294,10.34%,2548,89.66%,4,1.36%,21,1,4,19.05%,1092.05,273.01,202.06,18.50%,0,0%,0.14%
5,3065,145,4.73%,2920,95.27%,5,3.45%,17,3,2,11.76%,261.8,130.9,53.8,20.55%,0,0%,0.07%
6,3512,297,8.46%,3215,91.54%,6,2.02%,15,1,5,33.33%,1547.95,309.59,287.96,18.60%,0,0%,0.14%
7,3505,259,7.39%,3246,92.61%,3,1.16%,13,1,2,15.38%,3483.33,1741.67,633.34,18.18%,0,0%,0.06%
8,3220,163,5.06%,3057,94.94%,3,1.84%,11,2,1,9.09%,220,220,40,18.18%,0,0%,0.03%
9,3119,127,4.07%,2992,95.93%,2,1.57%,7,1,1,14.29%,330,330,60,18.18%,0,0%,0.03%
10,2900,88,3.03%,2812,96.97%,2,2.27%,6,1,1,16.67%,124.3,124.3,26.3,21.16%,0,0%,0.03%
11,2467,119,4.82%,2348,95.18%,0,0%,5,1,0,0%,0,0,0,0,0,0%,0%
12,2842,74,2.60%,2768,97.40%,3,4.05%,4,0,3,75%,2194.5,731.5,404.5,18.43%,0,0%,0.11%
13,3311,18,0.54%,3293,99.46%,1,5.56%,4,0,1,25%,244.44,244.44,44.44,18.18%,0,0%,0.03%
14,3077,56,1.82%,3021,98.18%,2,3.57%,4,2,0,0%,0,0,0,0,0,0%,0%
15,2467,28,1.13%,2439,98.87%,2,7.14%,3,0,2,66.67%,881.83,440.92,161.84,18.35%,0,0%,0.08%
16,3117,95,3.05%,3022,96.95%,0,0%,3,0,0,0%,0,0,0,0,0,0%,0%
17,3239,299,9.23%,2940,90.77%,2,0.67%,3,1,1,33.33%,201.67,201.67,36.66,18.18%,0,0%,0.03%
18,3220,73,2.27%,3147,97.73%,1,1.37%,3,0,1,33.33%,71.5,71.5,21.5,30.07%,0,0%,0.03%
19,3110,31,1%,3079,99%,1,3.23%,3,0,1,33.33%,248.11,248.11,45.12,18.19%,0,0%,0.03%
20,2924,9,0.31%,2915,99.69%,0,0%,3,1,1,33.33%,490.11,490.11,89.12,18.18%,0,0%,0.03%
21,2705,10,0.37%,2695,99.63%,1,10%,2,0,1,50%,49.5,49.5,19.5,39.39%,0,0%,0.04%
22,2644,9,0.34%,2635,99.66%,1,11.11%,2,0,1,50%,900.78,900.78,163.78,18.18%,0,0%,0.04%
23,3118,16,0.51%,3102,99.49%,1,6.25%,2,0,1,50%,427.78,427.78,77.78,18.18%,0,0%,0.03%
24,3061,49,1.60%,3012,98.40%,1,2.04%,2,0,1,50%,474.22,474.22,86.22,18.18%,0,0%,0.03%
25,2409,181,7.51%,2228,92.49%,0,0%,2,0,0,0%,0,0,0,0,0,0%,0%
26,3061,126,4.12%,2935,95.88%,1,0.79%,1,0,1,100%,674.67,674.67,122.66,18.18%,0,0%,0.03%
27,3152,30,0.95%,3122,99.05%,0,0%,1,0,0,0%,0,0,0,0,0,0%,0%
28,3240,49,1.51%,3191,98.49%,0,0%,1,0,0,0%,0,0,0,0,0,0%,0%
29,3472,15,0.43%,3457,99.57%,0,0%,1,0,0,0%,0,0,0,0,0,0%,0%
30,2458,3,0.12%,2455,99.88%,0,0%,1,0,0,0%,0,0,0,0,0,0%,0%
31,2628,4,0.15%,2624,99.85%,0,0%,1,0,0,0%,0,0,0,0,0,0%,0%
32,2858,9,0.31%,2849,99.69%,0,0%,1,0,0,0%,0,0,0,0,0,0%,0%
33,3119,0,0%,3119,100%,0,0,0,0,0,0,0,0,0,0,0,0%,0%
34,3350,0,0%,3350,100%,0,0,0,0,0,0,0,0,0,0,0,0%,0%
35,3123,0,0%,3123,100%,0,0,0,0,0,0,0,0,0,0,0,0%,0%
36,2568,0,0%,2568,100%,0,0,0,0,0,0,0,0,0,0,0,0%,0%
37,2458,0,0%,2458,100%,0,0,0,0,0,0,0,0,0,0,0,0%,0%
38,2409,0,0%,2409,100%,0,0,0,0,0,0,0,0,0,0,0,0%,0%
39,2599,2,0.08%,2597,99.92%,0,0%,0,0,0,0,0,0,0,0,0,0%,0%
40,2409,0,0%,2409,100%,0,0,0,0,0,0,0,0,0,0,0,0%,0%
41,3119,0,0%,3119,100%,0,0,0,0,0,0,0,0,0,0,0,0%,0%
42,3119,0,0%,3119,100%,0,0,0,0,0,0,0,0,0,0,0,0%,0%
43,2409,0,0%,2409,100%,0,0,0,0,0,0,0,0,0,0,0,0%,0%
44,3112,0,0%,3112,100%,0,0,0,0,0,0,0,0,0,0,0,0%,0%
45,3061,0,0%,3061,100%,0,0,0,0,0,0,0,0,0,0,0,0%,0%
46,3119,0,0%,3119,100%,0,0,0,0,0,0,0,0,0,0,0,0%,0%
47,2842,0,0%,2842,100%,0,0,0,0,0,0,0,0,0,0,0,0%,0%
48,2842,0,0%,2842,100%,0,0,0,0,0,0,0,0,0,0,0,0%,0%
49,2409,0,0%,2409,100%,0,0,0,0,0,0,0,0,0,0,0,0%,0%
50,3061,0,0%,3061,100%,0,0,0,0,0,0,0,0,0,0,0,0%,0%
51,2628,0,0%,2628,100%,0,0,0,0,0,0,0,0,0,0,0,0%,0%
52,2425,66,2.72%,2359,97.28%,0,0%,0,0,0,0,0,0,0,0,0,0%,0%
53,2409,0,0%,2409,100%,0,0,0,0,0,0,0,0,0,0,0,0%,0%
54,2842,0,0%,2842,100%,0,0,0,0,0,0,0,0,0,0,0,0%,0%
55,2621,0,0%,2621,100%,0,0,0,0,0,0,0,0,0,0,0,0%,0%
56,3119,3,0.10%,3116,99.90%,0,0%,0,0,0,0,0,0,0,0,0,0%,0%
57,2883,0,0%,2883,100%,0,0,0,0,0,0,0,0,0,0,0,0%,0%
58,2490,0,0%,2490,100%,0,0,0,0,0,0,0,0,0,0,0,0%,0%
59,1582,0,0%,1582,100%,0,0,0,0,0,0,0,0,0,0,0,0%,0%
60,2842,2,0.07%,2840,99.93%,0,0%,0,0,0,0,0,0,0,0,0,0%,0%
61,3497,0,0%,3497,100%,0,0,0,0,0,0,0,0,0,0,0,0%,0%
62,3220,0,0%,3220,100%,0,0,0,0,0,0,0,0,0,0,0,0%,0%
63,2842,0,0%,2842,100%,0,0,0,0,0,0,0,0,0,0,0,0%,0%
64,2842,0,0%,2842,100%,0,0,0,0,0,0,0,0,0,0,0,0%,0%
65,2409,0,0%,2409,100%,0,0,0,0,0,0,0,0,0,0,0,0%,0%
66,2628,0,0%,2628,100%,0,0,0,0,0,0,0,0,0,0,0,0%,0%
67,2628,0,0%,2628,100%,0,0,0,0,0,0,0,0,0,0,0,0%,0%
68,3119,0,0%,3119,100%,0,0,0,0,0,0,0,0,0,0,0,0%,0%
69,2842,0,0%,2842,100%,0,0,0,0,0,0,0,0,0,0,0,0%,0%
70,2409,0,0%,2409,100%,0,0,0,0,0,0,0,0,0,0,0,0%,0%
71,2628,0,0%,2628,100%,0,0,0,0,0,0,0,0,0,0,0,0%,0%
72,2409,0,0%,2409,100%,0,0,0,0,0,0,0,0,0,0,0,0%,0%
73,2409,0,0%,2409,100%,0,0,0,0,0,0,0,0,0,0,0,0%,0%
74,2546,0,0%,2546,100%,0,0,0,0,0,0,0,0,0,0,0,0%,0%
75,2746,0,0%,2746,100%,0,0,0,0,0,0,0,0,0,0,0,0%,0%
76,2842,0,0%,2842,100%,0,0,0,0,0,0,0,0,0,0,0,0%,0%
77,3061,0,0%,3061,100%,0,0,0,0,0,0,0,0,0,0,0,0%,0%
78,3610,0,0%,3610,100%,0,0,0,0,0,0,0,0,0,0,0,0%,0%
79,2542,0,0%,2542,100%,0,0,0,0,0,0,0,0,0,0,0,0%,0%
80,2842,0,0%,2842,100%,0,0,0,0,0,0,0,0,0,0,0,0%,0%
81,3207,1,0.03%,3206,99.97%,0,0%,0,0,0,0,0,0,0,0,0,0%,0%
82,3061,0,0%,3061,100%,0,0,0,0,0,0,0,0,0,0,0,0%,0%
83,2460,0,0%,2460,100%,0,0,0,0,0,0,0,0,0,0,0,0%,0%
84,453,0,0%,453,100%,0,0,0,0,0,0,0,0,0,0,0,0%,0%
85,3561,0,0%,3561,100%,0,0,0,0,0,0,0,0,0,0,0,0%,0%
86,2409,0,0%,2409,100%,0,0,0,0,0,0,0,0,0,0,0,0%,0%
87,2409,0,0%,2409,100%,0,0,0,0,0,0,0,0,0,0,0,0%,0%
88,3061,1,0.03%,3060,99.97%,0,0%,0,0,0,0,0,0,0,0,0,0%,0%
89,2409,0,0%,2409,100%,0,0,0,0,0,0,0,0,0,0,0,0%,0%
90,2550,0,0%,2550,100%,0,0,0,0,0,0,0,0,0,0,0,0%,0%
91,3061,0,0%,3061,100%,0,0,0,0,0,0,0,0,0,0,0,0%,0%
92,3119,0,0%,3119,100%,0,0,0,0,0,0,0,0,0,0,0,0%,0%
93,2677,0,0%,2677,100%,0,0,0,0,0,0,0,0,0,0,0,0%,0%
94,3068,1,0.03%,3067,99.97%,0,0%,0,0,0,0,0,0,0,0,0,0%,0%
95,2842,0,0%,2842,100%,0,0,0,0,0,0,0,0,0,0,0,0%,0%
96,3626,15,0.41%,3611,99.59%,0,0%,0,0,0,0,0,0,0,0,0,0%,0%
97,2409,36,1.49%,2373,98.51%,0,0%,0,0,0,0,0,0,0,0,0,0%,0%
98,3077,0,0%,3077,100%,0,0,0,0,0,0,0,0,0,0,0,0%,0%
99,3178,0,0%,3178,100%,0,0,0,0,0,0,0,0,0,0,0,0%,0%
100,2480,0,0%,2480,100%,0,0,0,0,0,0,0,0,0,0,0,0%,0%
101,2467,0,0%,2467,100%,0,0,0,0,0,0,0,0,0,0,0,0%,0%
102,3602,18,0.50%,3584,99.50%,0,0%,0,0,0,0,0,0,0,0,0,0%,0%
103,2409,0,0%,2409,100%,0,0,0,0,0,0,0,0,0,0,0,0%,0%
104,760,0,0%,760,100%,0,0,0,0,0,0,0,0,0,0,0,0%,0%
105,51,0,0%,51,100%,0,0,0,0,0,0,0,0,0,0,0,0%,0%
106,8,0,0%,8,100%,0,0,0,0,0,0,0,0,0,0,0,0%,0%
107,3152,24,0.76%,3128,99.24%,0,0%,0,0,0,0,0,0,0,0,0,0%,0%
108,2842,0,0%,2842,100%,0,0,0,0,0,0,0,0,0,0,0,0%,0%
109,2852,32,1.12%,2820,98.88%,0,0%,0,0,0,0,0,0,0,0,0,0%,0%
110,433,1,0.23%,432,99.77%,0,0%,0,0,0,0,0,0,0,0,0,0%,0%
111,433,0,0%,433,100%,0,0,0,0,0,0,0,0,0,0,0,0%,0%
112,2409,0,0%,2409,100%,0,0,0,0,0,0,0,0,0,0,0,0%,0%
113,2568,14,0.55%,2554,99.45%,0,0%,0,0,0,0,0,0,0,0,0,0%,0%
114,3119,0,0%,3119,100%,0,0,0,0,0,0,0,0,0,0,0,0%,0%
115,0,0,0,0,0,0,0,0,0,0,0,0,0,0,0,0,0,0
116,2842,0,0%,2842,100%,0,0,0,0,0,0,0,0,0,0,0,0%,0%
117,2425,0,0%,2425,100%,0,0,0,0,0,0,0,0,0,0,0,0%,0%
118,2419,0,0%,2419,100%,0,0,0,0,0,0,0,0,0,0,0,0%,0%
119,2409,9,0.37%,2400,99.63%,0,0%,0,0,0,0,0,0,0,0,0,0%,0%
120,2425,0,0%,2425,100%,0,0,0,0,0,0,0,0,0,0,0,0%,0%
121,3333,0,0%,3333,100%,0,0,0,0,0,0,0,0,0,0,0,0%,0%